record__created_at,uri,cid,author__did,author__handle,author__display_name,author__created_at,record___type,record__created_at,record__langs,record__reply__parent__cid,record__reply__parent__uri,record__reply__root__cid,record__reply__root__uri,record__text,reply_count,repost_count,like_count,quote_count,indexed_at,_dlt_load_id,_dlt_id,author__avatar,record__embed___type,record__embed__external__description,record__embed__external__thumb___type,record__embed__external__thumb__ref___link,record__embed__external__thumb__mime_type,record__embed__external__thumb__size,record__embed__external__title,record__embed__external__uri,embed___type,embed__external__uri,embed__external__title,embed__external__description,embed__external__thumb,author__associated__chat__allow_incoming,record__embed__aspect_ratio__height,record__embed__aspect_ratio__width,record__embed__video___type,record__embed__video__ref___link,record__embed__video__mime_type,record__embed__video__size,embed__cid,embed__playlist,embed__thumbnail,embed__aspect_ratio__height,embed__aspect_ratio__width,record__embed__record__cid,record__embed__record__uri,embed__record___type,embed__record__uri,embed__record__cid,embed__record__author__did,embed__record__author__handle,embed__record__author__display_name,embed__record__author__avatar,embed__record__author__associated__chat__allow_incoming,embed__record__author__created_at,embed__record__value___type,embed__record__value__created_at,embed__record__value__embed___type,embed__record__value__embed__external__description,embed__record__value__embed__external__thumb___type,embed__record__value__embed__external__thumb__ref___link,embed__record__value__embed__external__thumb__mime_type,embed__record__value__embed__external__thumb__size,embed__record__value__embed__external__title,embed__record__value__embed__external__uri,embed__record__value__text,embed__record__like_count,embed__record__reply_count,embed__record__repost_count,embed__record__quote_count,embed__record__indexed_at,record__labels___type,threadgate__uri,threadgate__cid,threadgate__record___type,threadgate__record__created_at,threadgate__record__post,record__bridgy_original_text,record__bridgy_original_url,embed__record__value__embed__record__cid,embed__record__value__embed__record__uri,record__embed__external___type,embed__record__value__reply__parent__cid,embed__record__value__reply__parent__uri,embed__record__value__reply__root__cid,embed__record__value__reply__root__uri,embed__record__value__embed__aspect_ratio__height,embed__record__value__embed__aspect_ratio__width,embed__record__value__embed__video___type,embed__record__value__embed__video__ref___link,embed__record__value__embed__video__mime_type,embed__record__value__embed__video__size,embed__record__value__embed__media___type,embed__record__value__embed__record___type,embed__record__value__embed__record__record__cid,embed__record__value__embed__record__record__uri,record__embed__media___type,record__embed__record___type,record__embed__record__record__cid,record__embed__record__record__uri,embed__media___type,embed__record__record___type,embed__record__record__uri,embed__record__record__cid,embed__record__record__author__did,embed__record__record__author__handle,embed__record__record__author__display_name,embed__record__record__author__avatar,embed__record__record__author__associated__chat__allow_incoming,embed__record__record__author__created_at,embed__record__record__value___type,embed__record__record__value__created_at,embed__record__record__value__embed___type,embed__record__record__value__embed__media___type,embed__record__record__value__embed__record___type,embed__record__record__value__embed__record__record__cid,embed__record__record__value__embed__record__record__uri,embed__record__record__value__text,embed__record__record__like_count,embed__record__record__reply_count,embed__record__record__repost_count,embed__record__record__quote_count,embed__record__record__indexed_at,record__reply___type,record__reply__parent___type,record__reply__root___type,embed__record__record__value__embed__external__description,embed__record__record__value__embed__external__thumb___type,embed__record__record__value__embed__external__thumb__ref___link,embed__record__record__value__embed__external__thumb__mime_type,embed__record__record__value__embed__external__thumb__size,embed__record__record__value__embed__external__title,embed__record__record__value__embed__external__uri,record__type,record__embed__alt,embed__alt,record__embed__media__external__description,record__embed__media__external__thumb___type,record__embed__media__external__thumb__ref___link,record__embed__media__external__thumb__mime_type,record__embed__media__external__thumb__size,record__embed__media__external__title,record__embed__media__external__uri,embed__media__external__uri,embed__media__external__title,embed__media__external__description,embed__media__external__thumb,embed__record__record__value__reply__parent__cid,embed__record__record__value__reply__parent__uri,embed__record__record__value__reply__root__cid,embed__record__record__value__reply__root__uri,embed__record__value__embed__alt,embed__record__value__embed__media__external__description,embed__record__value__embed__media__external__thumb___type,embed__record__value__embed__media__external__thumb__ref___link,embed__record__value__embed__media__external__thumb__mime_type,embed__record__value__embed__media__external__thumb__size,embed__record__value__embed__media__external__title,embed__record__value__embed__media__external__uri,embed__record__record__value__embed__record__cid,embed__record__record__value__embed__record__uri,embed__record__record__value__embed__aspect_ratio__height,embed__record__record__value__embed__aspect_ratio__width,embed__record__record__value__embed__video___type,embed__record__record__value__embed__video__ref___link,embed__record__record__value__embed__video__mime_type,embed__record__record__value__embed__video__size,embed__record__not_found,record__embed__card__description,record__embed__card__thumb___type,record__embed__card__thumb__ref___link,record__embed__card__thumb__mime_type,record__embed__card__thumb__size,record__embed__card__title,record__embed__card__uri,record__reply__root__commit__cid,record__reply__root__commit__rev,record__reply__root__validation_status,embed__record__record__blocked,embed__record__record__value__embed__media__external__description,embed__record__record__value__embed__media__external__thumb___type,embed__record__record__value__embed__media__external__thumb__ref___link,embed__record__record__value__embed__media__external__thumb__mime_type,embed__record__record__value__embed__media__external__thumb__size,embed__record__record__value__embed__media__external__title,embed__record__record__value__embed__media__external__uri,record__reply__parent__commit__cid,record__reply__parent__commit__rev,record__reply__parent__validation_status,record__embed__external__url,record__reply__parent__author__avatar,record__reply__parent__author__created_at,record__reply__parent__author__description,record__reply__parent__author__did,record__reply__parent__author__display_name,record__reply__parent__author__handle,record__reply__parent__author__indexed_at,record__reply__parent__author__viewer__blocked_by,record__reply__parent__author__viewer__followed_by,record__reply__parent__author__viewer__muted,record__reply__parent__indexed_at,record__reply__parent__is_read,record__reply__parent__reason,record__reply__parent__record___type,record__reply__parent__record__created_at,record__reply__parent__record__reply__parent__cid,record__reply__parent__record__reply__parent__uri,record__reply__parent__record__reply__root__cid,record__reply__parent__record__reply__root__uri,record__reply__parent__record__text,embed__record__value__bridgy_original_text,embed__record__value__bridgy_original_url,record__embed__media__aspect_ratio__height,record__embed__media__aspect_ratio__width,record__embed__media__video___type,record__embed__media__video__ref___link,record__embed__media__video__mime_type,record__embed__media__video__size,embed__media__cid,embed__media__playlist,embed__media__thumbnail,embed__media__aspect_ratio__height,embed__media__aspect_ratio__width,record__external__description,record__external__thumb___type,record__external__thumb__ref___link,record__external__thumb__mime_type,record__external__thumb__size,record__external__title,record__external__uri,embed__record__blocked,embed__record__value__embed__card__description,embed__record__value__embed__card__thumb___type,embed__record__value__embed__card__thumb__ref___link,embed__record__value__embed__card__thumb__mime_type,embed__record__value__embed__card__thumb__size,embed__record__value__embed__card__title,embed__record__value__embed__card__uri,embed__record__value__embed__external___type,record__reply__parent__like_count,record__reply__parent__quote_count,record__reply__parent__reply_count,record__reply__parent__repost_count,record__reply__root__indexed_at,record__reply__root__like_count,record__reply__root__quote_count,record__reply__root__reply_count,record__reply__root__repost_count,record__via,embed__record__record__not_found,embed__record__record__created_at,embed__record__record__description,embed__record__record__list,embed__record__record__name,embed__record__record__updated_at,embed__record__creator__did,embed__record__creator__handle,embed__record__creator__display_name,embed__record__creator__avatar,embed__record__creator__associated__chat__allow_incoming,embed__record__creator__created_at,embed__record__joined_all_time_count,embed__record__joined_week_count,record__embed__record__record___type,author__associated__labeler,record__length,embed__record__value__embed__external__url,embed__record__value__reply__root___type
2023-07-02,6,6,6,6,6,6,6,6,6,3,3,3,3,6,6,6,6,6,6,6,6,6,1,0,0,0,0,0,0,0,1,0,0,0,0,4,0,0,0,0,0,0,0,0,0,0,0,0,0,0,0,0,0,0,0,0,0,0,0,0,0,0,0,0,0,0,0,0,0,0,0,0,0,0,0,0,0,0,0,0,0,0,0,0,0,0,0,0,0,0,0,0,0,0,0,0,0,0,0,0,0,0,0,0,0,0,0,0,0,0,0,0,0,0,0,0,0,0,0,0,0,0,0,0,0,0,0,0,0,0,0,0,0,0,0,0,0,0,0,0,0,0,0,0,0,0,0,0,0,0,0,0,0,0,0,0,0,0,0,0,0,0,0,0,0,0,0,0,0,0,0,0,0,0,0,0,0,0,0,0,0,0,0,0,0,0,0,0,0,0,0,0,0,0,0,0,0,0,0,0,0,0,0,0,0,0,0,0,0,0,0,0,0,0,0,0,0,0,0,0,0,0,0,0,0,0,0,0,0,0,0,0,0,0,0,0,0,0,0,0,0,0,0,0,0,0,0,0,0,0,0,0,0,0,0,0,0,0,0,0,0,0,0,0,0,0,0,0,0,0,0
2023-07-09,16,16,16,16,16,16,16,16,16,11,11,11,11,16,16,16,16,16,16,16,16,16,2,0,0,0,0,0,0,0,2,0,0,0,0,10,0,0,0,0,0,0,0,0,0,0,0,0,0,0,0,0,0,0,0,0,0,0,0,0,0,0,0,0,0,0,0,0,0,0,0,0,0,0,0,0,0,0,0,0,0,0,0,0,0,0,0,0,0,0,0,0,0,0,0,0,0,0,0,0,0,0,0,0,0,0,0,0,0,0,0,0,0,0,0,0,0,0,0,0,0,0,0,0,0,0,0,0,0,0,0,0,0,0,0,0,0,0,0,0,0,0,0,0,0,0,0,0,0,0,0,0,0,0,0,0,0,0,0,0,0,0,0,0,0,0,0,0,0,0,0,0,0,0,0,0,0,0,0,0,0,0,0,0,0,0,0,0,0,0,0,0,0,0,0,0,0,0,0,0,0,0,0,0,0,0,0,0,0,0,0,0,0,0,0,0,0,0,0,0,0,0,0,0,0,0,0,0,0,0,0,0,0,0,0,0,0,0,0,0,0,0,0,0,0,0,0,0,0,0,0,0,0,0,0,0,0,0,0,0,0,0,0,0,0,0,0,0,0,0,0
2023-07-16,10,10,10,10,10,10,10,10,10,5,5,5,5,10,10,10,10,10,10,10,10,10,1,0,0,0,0,0,0,0,1,0,0,0,0,7,0,0,0,0,0,0,0,0,0,0,0,0,0,0,0,0,0,0,0,0,0,0,0,0,0,0,0,0,0,0,0,0,0,0,0,0,0,0,0,0,0,0,0,0,0,0,0,0,0,0,0,0,0,0,0,0,0,0,0,0,0,0,0,0,0,0,0,0,0,0,0,0,0,0,0,0,0,0,0,0,0,0,0,0,0,0,0,0,0,0,0,0,0,0,0,0,0,0,0,0,0,0,0,0,0,0,0,0,0,0,0,0,0,0,0,0,0,0,0,0,0,0,0,0,0,0,0,0,0,0,0,0,0,0,0,0,0,0,0,0,0,0,0,0,0,0,0,0,0,0,0,0,0,0,0,0,0,0,0,0,0,0,0,0,0,0,0,0,0,0,0,0,0,0,0,0,0,0,0,0,0,0,0,0,0,0,0,0,0,0,0,0,0,0,0,0,0,0,0,0,0,0,0,0,0,0,0,0,0,0,0,0,0,0,0,0,0,0,0,0,0,0,0,0,0,0,0,0,0,0,0,0,0,0,0
2023-07-23,6,6,6,6,6,6,6,6,6,3,3,3,3,6,6,6,6,6,6,6,6,6,0,0,0,0,0,0,0,0,0,0,0,0,0,3,0,0,0,0,0,0,0,0,0,0,0,0,0,0,0,0,0,0,0,0,0,0,0,0,0,0,0,0,0,0,0,0,0,0,0,0,0,0,0,0,0,0,0,0,0,0,0,0,0,0,0,0,0,0,0,0,0,0,0,0,0,0,0,0,0,0,0,0,0,0,0,0,0,0,0,0,0,0,0,0,0,0,0,0,0,0,0,0,0,0,0,0,0,0,0,0,0,0,0,0,0,0,0,0,0,0,0,0,0,0,0,0,0,0,0,0,0,0,0,0,0,0,0,0,0,0,0,0,0,0,0,0,0,0,0,0,0,0,0,0,0,0,0,0,0,0,0,0,0,0,0,0,0,0,0,0,0,0,0,0,0,0,0,0,0,0,0,0,0,0,0,0,0,0,0,0,0,0,0,0,0,0,0,0,0,0,0,0,0,0,0,0,0,0,0,0,0,0,0,0,0,0,0,0,0,0,0,0,0,0,0,0,0,0,0,0,0,0,0,0,0,0,0,0,0,0,0,0,0,0,0,0,0,0,0
2023-07-30,10,10,10,10,10,10,10,10,10,3,3,3,3,10,10,10,10,10,10,10,10,10,5,3,2,2,2,2,3,3,5,3,3,3,2,7,0,0,0,0,0,0,0,0,0,0,0,0,0,0,0,0,0,0,0,0,0,0,0,0,0,0,0,0,0,0,0,0,0,0,0,0,0,0,0,0,0,0,0,0,0,0,0,0,0,0,0,0,0,0,0,0,0,0,0,0,0,0,0,0,0,0,0,0,0,0,0,0,0,0,0,0,0,0,0,0,0,0,0,0,0,0,0,0,0,0,0,0,0,0,0,0,0,0,0,0,0,0,0,0,0,0,0,0,0,0,0,0,0,0,0,0,0,0,0,0,0,0,0,0,0,0,0,0,0,0,0,0,0,0,0,0,0,0,0,0,0,0,0,0,0,0,0,0,0,0,0,0,0,0,0,0,0,0,0,0,0,0,0,0,0,0,0,0,0,0,0,0,0,0,0,0,0,0,0,0,0,0,0,0,0,0,0,0,0,0,0,0,0,0,0,0,0,0,0,0,0,0,0,0,0,0,0,0,0,0,0,0,0,0,0,0,0,0,0,0,0,0,0,0,0,0,0,0,0,0,0,0,0,0,0
2023-08-06,22,22,22,22,22,22,22,22,22,11,11,11,11,22,22,22,22,22,22,22,22,22,8,2,1,1,1,1,2,2,8,2,2,2,1,17,0,0,0,0,0,0,0,0,0,0,0,1,1,1,1,1,1,1,1,1,1,1,1,1,1,0,0,0,0,0,0,0,1,1,1,1,1,1,0,0,0,0,0,0,0,0,1,1,0,0,0,0,0,0,0,0,0,0,0,0,0,0,0,1,1,1,1,1,1,1,1,1,1,1,1,1,1,1,1,1,1,1,1,1,1,1,1,1,1,1,0,0,0,0,0,0,0,0,0,0,0,0,0,0,0,0,0,0,0,0,0,0,0,0,0,0,0,0,0,0,0,0,0,0,0,0,0,0,0,0,0,0,0,0,0,0,0,0,0,0,0,0,0,0,0,0,0,0,0,0,0,0,0,0,0,0,0,0,0,0,0,0,0,0,0,0,0,0,0,0,0,0,0,0,0,0,0,0,0,0,0,0,0,0,0,0,0,0,0,0,0,0,0,0,0,0,0,0,0,0,0,0,0,0,0,0,0,0,0,0,0,0,0,0,0,0,0,0,0,0,0,0,0,0,0,0,0,0,0,0,0,0,0,0,0
2023-08-13,31,31,31,31,31,31,31,31,31,21,21,21,21,31,31,31,31,31,31,31,31,31,10,7,5,5,5,5,7,7,10,7,7,7,5,27,0,0,0,0,0,0,0,0,0,0,0,0,0,0,0,0,0,0,0,0,0,0,0,0,0,0,0,0,0,0,0,0,0,0,0,0,0,0,0,0,0,0,0,0,0,0,0,0,0,0,0,0,0,0,0,0,0,0,0,0,0,0,0,0,0,0,0,0,0,0,0,0,0,0,0,0,0,0,0,0,0,0,0,0,0,0,0,0,0,0,0,0,0,0,0,0,0,0,0,0,0,0,0,0,0,0,0,0,0,0,0,0,0,0,0,0,0,0,0,0,0,0,0,0,0,0,0,0,0,0,0,0,0,0,0,0,0,0,0,0,0,0,0,0,0,0,0,0,0,0,0,0,0,0,0,0,0,0,0,0,0,0,0,0,0,0,0,0,0,0,0,0,0,0,0,0,0,0,0,0,0,0,0,0,0,0,0,0,0,0,0,0,0,0,0,0,0,0,0,0,0,0,0,0,0,0,0,0,0,0,0,0,0,0,0,0,0,0,0,0,0,0,0,0,0,0,0,0,0,0,0,0,0,0,0
2023-08-20,29,29,29,29,29,29,29,29,29,12,12,12,12,29,29,29,29,29,29,29,29,29,16,7,7,7,7,7,7,7,16,7,7,7,7,25,0,0,0,0,0,0,0,0,0,0,0,4,4,4,4,4,4,4,4,4,4,4,4,4,2,2,2,2,2,2,2,2,4,4,4,4,4,4,0,0,0,0,0,0,0,0,0,0,0,1,1,1,1,0,0,0,0,0,0,0,0,0,0,0,0,0,0,0,0,0,0,0,0,0,0,0,0,0,0,0,0,0,0,0,0,0,0,0,0,0,0,0,0,0,0,0,0,0,0,0,0,0,0,0,0,0,0,0,0,0,0,0,0,0,0,0,0,0,0,0,0,0,0,0,0,0,0,0,0,0,0,0,0,0,0,0,0,0,0,0,0,0,0,0,0,0,0,0,0,0,0,0,0,0,0,0,0,0,0,0,0,0,0,0,0,0,0,0,0,0,0,0,0,0,0,0,0,0,0,0,0,0,0,0,0,0,0,0,0,0,0,0,0,0,0,0,0,0,0,0,0,0,0,0,0,0,0,0,0,0,0,0,0,0,0,0,0,0,0,0,0,0,0,0,0,0,0,0,0,0,0,0,0,0,0
2023-08-27,32,32,32,32,32,32,32,32,32,17,17,17,17,32,32,32,32,32,32,32,32,32,12,4,3,3,3,3,4,4,12,4,4,4,3,26,0,0,0,0,0,0,0,0,0,0,0,0,0,1,0,0,0,0,0,0,0,0,0,0,0,0,0,0,0,0,0,0,0,0,0,0,0,0,0,0,0,0,0,0,0,0,0,0,0,0,0,0,0,0,0,0,0,0,0,0,0,0,0,1,1,1,1,1,1,1,0,0,0,0,0,0,0,0,0,0,0,0,0,0,0,0,0,0,0,0,0,0,0,0,0,0,0,0,0,0,0,0,0,0,0,0,0,0,0,0,0,0,0,0,0,0,0,0,0,0,0,0,0,0,0,0,0,0,0,0,0,0,0,0,0,0,0,0,0,0,0,0,0,0,0,0,0,0,0,0,0,0,0,0,0,0,0,0,0,0,0,0,0,0,0,0,0,0,0,0,0,0,0,0,0,0,0,0,0,0,0,0,0,0,0,0,0,0,0,0,0,0,0,0,0,0,0,0,0,0,0,0,0,0,0,0,0,0,0,0,0,0,0,0,0,0,1,0,0,0,0,0,0,0,0,0,0,0,0,0,0,0,0,0,0
2023-09-03,20,20,20,20,20,20,20,20,20,12,12,12,12,20,20,20,20,20,20,20,20,20,8,3,3,3,3,3,3,3,8,3,3,3,3,15,0,0,0,0,0,0,0,0,0,0,0,1,1,1,1,1,1,1,1,1,1,1,1,1,0,0,0,0,0,0,0,0,1,1,1,1,1,1,0,0,0,0,0,0,0,0,0,0,0,0,0,0,0,0,0,0,0,0,0,0,0,0,0,1,1,1,1,1,1,1,1,1,1,1,1,1,1,1,1,1,0,0,0,0,1,1,1,1,1,1,0,0,0,0,0,0,0,0,0,0,0,0,0,0,0,0,0,0,0,0,0,0,0,0,0,0,0,0,0,0,0,0,0,0,0,0,1,1,0,0,0,0,0,0,0,0,0,0,0,0,0,0,0,0,0,0,0,0,0,0,0,0,0,0,0,0,0,0,0,0,0,0,0,0,0,0,0,0,0,0,0,0,0,0,0,0,0,0,0,0,0,0,0,0,0,0,0,0,0,0,0,0,0,0,0,0,0,0,0,0,0,0,0,0,0,0,0,0,0,0,0,0,0,0,0,0,0,0,0,0,0,0,0,0,0,0,0,0,0,0,0,0,0,0,0
2023-09-10,20,20,20,20,20,20,20,20,20,8,8,8,8,20,20,20,20,20,20,20,20,20,8,2,2,2,2,2,2,2,8,2,2,2,2,18,0,0,0,0,0,0,0,0,0,0,0,2,2,2,2,2,2,2,2,2,2,2,2,2,1,0,0,0,0,0,0,0,2,2,2,2,2,2,0,0,0,0,0,0,0,0,0,0,0,0,0,0,0,0,0,0,0,0,0,0,0,0,0,0,0,0,0,0,0,0,0,0,0,0,0,0,0,0,0,0,0,0,0,0,0,0,0,0,0,0,0,0,0,0,0,0,0,0,0,0,0,0,0,0,0,0,0,0,0,0,0,0,0,0,0,0,0,0,0,0,0,0,0,0,0,0,0,0,0,0,0,0,0,0,0,0,0,0,0,0,0,0,0,0,0,0,0,0,0,0,0,0,0,0,0,0,0,0,0,0,0,0,0,0,0,0,0,0,0,0,0,0,0,0,0,0,0,0,0,0,0,0,0,0,0,0,0,0,0,0,0,0,0,0,0,0,0,0,0,0,0,0,0,0,0,0,0,0,0,0,0,0,0,0,0,0,0,0,0,0,0,0,0,0,0,0,0,0,0,0,0,0,0,0,0
2023-09-17,58,58,58,58,58,58,58,58,58,29,29,29,29,58,58,58,58,58,58,58,58,58,23,9,3,3,3,3,9,9,23,9,9,9,3,45,0,0,0,0,0,0,0,0,0,0,0,3,3,3,3,3,3,3,3,3,3,3,3,3,2,0,0,0,0,0,0,0,3,3,3,3,3,3,0,0,0,0,0,0,0,0,2,2,0,1,1,1,1,0,0,0,0,0,0,0,0,0,0,0,0,0,0,0,0,0,0,0,0,0,0,0,0,0,0,0,0,0,0,0,0,0,0,0,0,0,0,0,0,0,0,0,0,0,0,0,0,0,0,0,0,0,0,0,0,0,0,0,0,0,0,0,0,0,0,0,0,0,0,0,0,0,0,0,0,0,0,0,0,0,0,0,0,0,0,0,0,0,0,0,0,0,0,0,0,0,0,0,0,0,0,0,0,0,0,0,0,0,0,0,0,0,0,0,0,0,0,0,0,0,0,0,0,0,0,0,0,0,0,0,0,0,0,0,0,0,0,0,0,0,0,0,0,0,0,0,0,0,0,0,0,0,0,0,0,0,0,0,0,0,0,0,0,0,0,0,0,0,0,0,0,0,0,0,0,0,0,0,0,0,0
2023-09-24,65,65,65,65,65,65,65,65,65,41,41,41,41,65,65,65,65,65,65,65,65,65,20,7,7,7,7,7,7,7,20,7,7,7,7,55,0,0,0,0,0,0,0,0,0,0,0,2,2,2,2,2,2,2,2,2,2,2,2,2,2,0,0,0,0,0,0,0,2,2,2,2,2,2,0,0,0,0,0,0,0,0,0,0,0,1,1,1,1,0,0,0,0,0,0,0,0,0,0,0,0,0,0,0,0,0,0,0,0,0,0,0,0,0,0,0,0,0,0,0,0,0,0,0,0,0,0,3,3,0,0,0,0,0,0,0,0,0,0,0,0,0,0,0,0,0,0,0,0,0,0,0,0,0,0,0,0,0,0,0,0,0,0,0,0,0,0,0,0,0,0,0,0,0,0,0,0,0,0,0,0,0,0,0,0,0,0,0,0,0,0,0,0,0,0,0,0,0,0,0,0,0,0,0,0,0,0,0,0,0,0,0,0,0,0,0,0,0,0,0,0,0,0,0,0,0,0,0,0,0,0,0,0,0,0,0,0,0,0,0,0,0,0,0,0,0,0,0,0,0,0,0,0,0,0,0,0,0,0,0,0,0,0,0,0,0,0,0,0,0,0
2023-10-01,80,80,80,80,80,80,80,80,80,35,35,35,35,80,80,80,80,80,80,80,80,79,29,8,6,6,6,6,8,8,29,8,8,8,6,51,0,0,0,0,0,0,0,0,0,0,0,4,4,4,4,2,2,2,2,2,1,2,2,2,2,0,0,0,0,0,0,0,2,2,2,2,2,2,0,0,0,0,0,0,0,0,0,0,0,0,0,0,0,0,0,0,0,0,0,0,0,0,0,1,1,1,1,1,1,1,1,1,1,1,1,1,1,1,1,1,0,0,0,0,1,1,1,1,1,1,0,1,2,0,0,0,0,0,0,0,0,0,0,0,0,0,0,0,0,0,0,0,0,0,0,0,0,0,0,0,0,0,0,0,0,0,0,0,0,0,0,0,0,0,2,0,0,0,0,0,0,0,0,0,0,0,0,0,0,0,0,0,0,0,0,0,0,0,0,0,0,0,0,0,0,0,0,0,0,0,0,0,0,0,0,0,0,0,0,0,0,0,0,0,0,0,0,0,0,0,0,0,0,0,0,0,0,0,0,0,0,0,0,0,0,0,0,0,0,0,0,0,0,0,0,0,0,0,0,0,0,0,0,0,0,0,0,0,0,0,0,0,0,0,0
2023-10-08,79,79,79,79,79,79,79,79,79,39,39,39,39,79,79,79,79,79,79,79,79,75,32,17,12,12,12,12,17,17,32,17,17,17,12,45,0,0,0,0,0,0,0,0,0,0,0,1,1,1,1,1,1,1,1,1,1,1,1,1,0,0,0,0,0,0,0,0,1,1,1,1,1,1,0,0,0,0,0,0,0,0,0,0,0,0,0,0,0,0,0,0,0,0,0,0,0,0,0,1,1,1,1,1,1,1,1,1,1,1,1,1,1,1,1,1,1,1,1,1,1,1,1,1,1,1,0,0,0,0,0,0,0,0,0,0,0,0,0,0,0,0,0,0,0,0,0,0,0,0,0,0,0,0,0,0,0,0,0,0,0,0,0,0,0,0,0,0,0,0,0,0,0,0,0,0,0,0,0,0,0,0,0,0,0,0,0,0,0,0,0,0,0,0,0,0,0,0,0,0,0,0,0,0,0,0,0,0,0,0,0,0,0,0,0,0,0,0,0,0,0,0,0,0,0,0,0,0,0,0,0,0,0,0,0,0,0,0,0,0,0,0,0,0,0,0,0,0,0,0,0,0,0,0,0,0,0,0,0,0,0,0,0,0,0,0,0,0,0,0,0
2023-10-15,119,119,119,119,119,119,119,119,119,66,66,66,66,119,119,119,119,119,119,119,119,114,67,23,17,17,17,17,23,23,67,23,23,23,17,98,0,0,0,0,0,0,0,0,0,0,0,3,3,3,3,3,3,3,3,3,1,3,3,3,2,0,0,0,0,0,0,0,3,3,3,3,3,3,0,0,0,0,0,0,0,0,0,0,0,0,0,0,0,0,0,0,0,0,0,0,0,0,0,1,1,1,1,1,1,1,1,1,1,1,1,1,1,1,1,0,0,0,0,0,1,1,1,1,1,1,0,0,0,0,0,0,0,0,0,0,0,0,0,0,0,0,0,0,0,0,0,0,0,0,0,0,0,0,0,0,0,0,0,0,0,0,0,0,0,0,0,0,0,0,0,0,0,0,0,0,0,0,0,0,0,0,0,0,0,0,0,0,0,0,0,0,0,0,0,0,0,0,0,0,0,0,0,0,0,0,0,0,0,0,0,0,0,0,0,0,0,0,0,0,0,0,0,0,0,0,0,0,0,0,0,0,0,0,0,0,0,0,0,0,0,0,0,0,0,0,0,0,0,0,0,0,0,0,0,0,0,0,0,0,0,0,0,0,0,0,0,0,0,0,0
2023-10-22,111,111,111,111,111,111,111,111,111,55,55,55,55,111,111,111,111,111,111,111,111,109,58,24,22,22,22,22,24,24,58,24,24,24,22,85,0,0,0,0,0,0,0,0,0,0,0,4,4,4,4,4,4,4,4,4,3,4,4,4,2,0,0,0,0,0,0,0,4,4,4,4,4,4,0,0,0,0,0,0,0,0,0,0,0,1,1,1,1,0,0,0,0,0,0,0,0,0,0,0,0,0,0,0,0,0,0,0,0,0,0,0,0,0,0,0,0,0,0,0,0,0,0,0,0,0,0,1,1,0,0,0,0,0,0,0,0,0,0,0,0,0,0,0,0,0,0,0,0,0,0,0,0,0,0,0,0,0,0,0,0,0,0,0,0,0,0,0,0,0,0,0,0,0,0,0,0,0,0,0,0,0,0,0,0,0,0,0,0,0,0,0,0,0,0,0,0,0,0,0,0,0,0,0,0,0,0,0,0,0,0,0,0,0,0,0,0,0,0,0,0,0,0,0,0,0,0,0,0,0,0,0,0,0,0,0,0,0,0,0,0,0,0,0,0,0,0,0,0,0,0,0,0,0,0,0,0,0,0,0,0,0,0,0,0,0,0,0,0,0,0
2023-10-29,114,114,114,114,114,114,114,114,114,65,65,65,65,114,114,114,114,114,114,114,114,113,52,19,12,12,12,12,19,19,52,19,19,19,12,95,0,0,0,0,0,0,0,0,0,0,0,6,6,6,6,6,6,6,6,6,5,6,6,6,3,0,0,0,0,0,0,0,6,6,6,6,6,6,0,0,0,0,0,0,0,0,1,1,0,2,2,2,2,0,0,0,0,0,0,1,1,1,1,2,2,2,2,2,2,2,2,2,2,2,2,1,2,2,2,2,0,0,0,0,2,2,2,2,2,2,0,1,1,0,0,0,0,0,0,0,0,0,0,0,0,0,0,0,0,0,0,0,0,0,1,1,1,1,0,0,0,0,0,0,0,0,1,1,0,0,0,0,0,0,0,0,0,0,0,0,0,0,0,0,0,0,0,0,0,0,0,0,0,0,0,0,0,0,0,0,0,0,0,0,0,0,0,0,0,0,0,0,0,0,0,0,0,0,0,0,0,0,0,0,0,0,0,0,0,0,0,0,0,0,0,0,0,0,0,0,0,0,0,0,0,0,0,0,0,0,0,0,0,0,0,0,0,0,0,0,0,0,0,0,0,0,0,0,0,0,0,0,0,0,0
2023-11-05,86,86,86,86,85,86,86,86,86,37,37,37,37,86,86,86,86,86,86,86,86,83,57,12,8,8,8,8,12,12,57,12,12,12,8,57,0,0,0,0,0,0,0,0,0,0,0,3,3,3,3,2,2,2,2,2,0,2,2,2,1,0,0,0,0,0,0,0,2,2,2,2,2,2,0,0,0,0,0,0,0,0,0,0,0,0,0,0,0,0,0,0,0,0,0,0,0,0,0,0,0,0,0,0,0,0,0,0,0,0,0,0,0,0,0,0,0,0,0,0,0,0,0,0,0,0,0,0,0,0,0,0,0,0,0,0,0,0,0,0,0,0,0,0,0,0,0,0,0,0,0,0,0,0,0,0,0,0,0,0,0,0,0,0,0,0,0,0,0,0,1,0,0,0,0,0,0,0,0,0,0,0,0,0,0,0,0,0,0,0,0,0,0,0,0,0,0,0,0,0,0,0,0,0,0,0,0,0,0,0,0,0,0,0,0,0,0,0,0,0,0,0,0,0,0,0,0,0,0,0,0,0,0,0,0,0,0,0,0,0,0,0,0,0,0,0,0,0,0,0,0,0,0,0,0,0,0,0,0,0,0,0,0,0,0,0,0,0,0,0,0
2023-11-12,86,86,86,86,86,86,86,86,86,39,39,39,39,86,86,86,86,86,86,86,86,82,43,12,8,8,8,8,12,12,43,12,12,12,8,69,0,0,0,0,0,0,0,0,0,0,0,0,0,0,0,0,0,0,0,0,0,0,0,0,0,0,0,0,0,0,0,0,0,0,0,0,0,0,0,0,0,0,0,0,0,0,0,0,0,0,0,0,0,0,0,0,0,0,0,0,0,0,0,0,0,0,0,0,0,0,0,0,0,0,0,0,0,0,0,0,0,0,0,0,0,0,0,0,0,0,0,1,2,0,0,0,0,0,0,0,0,0,0,0,0,0,0,0,0,0,0,0,0,0,0,0,0,0,0,0,0,0,0,0,0,0,0,0,0,0,0,0,0,0,0,0,0,0,0,0,0,0,0,0,0,0,0,0,0,0,0,0,0,0,0,0,0,0,0,0,0,0,0,0,0,0,0,0,0,0,0,0,0,0,0,0,0,0,0,0,0,0,0,0,0,0,0,0,0,0,0,0,0,0,0,0,0,0,0,0,0,0,0,0,0,0,0,0,0,0,0,0,0,0,0,0,0,0,0,0,0,0,0,0,0,0,0,0,0,0,0,0,0,0,0
2023-11-19,87,87,87,87,87,87,87,87,87,58,58,58,58,87,87,87,87,87,87,87,87,87,42,11,8,8,8,8,11,11,42,11,11,11,8,72,0,0,0,0,0,0,0,0,0,0,0,2,2,2,2,1,1,1,1,1,1,1,1,1,0,0,0,0,0,0,0,0,1,1,1,1,1,1,0,0,0,0,0,0,0,0,0,0,0,0,0,0,0,0,0,0,0,0,0,0,0,0,0,1,2,1,1,1,1,1,1,1,1,1,1,1,1,1,1,1,1,1,1,1,1,1,1,1,1,1,0,0,1,0,0,0,0,0,0,0,0,0,0,0,0,0,0,0,0,0,0,0,0,0,0,0,0,0,0,0,0,0,0,0,0,0,0,0,0,0,0,0,0,0,1,0,0,0,0,0,0,0,0,0,0,0,0,0,0,0,0,0,0,0,0,0,0,0,0,0,0,0,0,0,0,0,0,0,0,0,0,0,0,0,0,0,0,0,0,0,0,0,0,0,0,0,0,0,0,0,0,0,0,0,0,0,0,0,0,0,0,0,0,0,0,0,0,0,0,0,0,0,0,0,0,0,0,0,0,0,0,0,0,0,0,0,0,0,0,0,0,0,0,0,0
2023-11-26,94,94,94,94,94,94,94,94,94,50,50,50,50,94,94,94,94,94,94,94,94,93,47,16,14,14,14,14,16,16,47,16,16,16,14,83,0,0,0,0,0,0,0,0,0,0,0,4,4,4,4,4,4,4,4,4,3,4,4,4,3,2,2,2,2,2,2,2,4,4,4,4,4,4,0,0,0,0,0,0,0,0,1,1,0,1,1,1,1,0,0,0,0,0,0,0,0,0,0,1,1,1,1,1,1,1,1,1,1,1,1,1,1,1,1,1,0,0,0,0,1,1,1,1,1,1,0,0,0,1,1,1,1,1,1,1,0,0,0,0,0,0,0,0,0,0,0,0,0,0,0,0,0,0,0,0,0,0,0,0,0,0,0,0,0,0,0,0,0,0,0,0,0,0,0,0,0,0,0,0,0,0,0,0,0,0,0,0,0,0,0,0,0,0,0,0,0,0,0,0,0,0,0,0,0,0,0,0,0,0,0,0,0,0,0,0,0,0,0,0,0,0,0,0,0,0,0,0,0,0,0,0,0,0,0,0,0,0,0,0,0,0,0,0,0,0,0,0,0,0,0,0,0,0,0,0,0,0,0,0,0,0,0,0,0,0,0,0,0,0,1
2023-12-03,100,100,100,100,99,100,100,100,100,55,55,55,55,100,100,100,100,100,100,100,100,97,60,22,20,20,20,20,22,22,60,22,22,22,20,82,0,0,0,0,0,0,0,0,0,0,0,3,3,3,3,2,2,2,2,2,2,2,2,2,0,0,0,0,0,0,0,0,2,2,2,2,2,2,0,0,0,0,0,0,0,0,0,0,0,1,1,1,1,0,0,0,0,0,0,0,0,0,0,2,2,2,2,2,2,2,2,2,2,2,2,2,2,2,2,2,0,0,0,0,2,2,2,2,2,2,0,1,1,1,1,1,1,1,1,1,0,0,0,1,1,1,1,1,1,1,1,1,1,1,0,0,0,0,0,0,0,0,0,0,0,0,0,0,0,0,0,0,0,0,1,0,0,0,0,0,0,0,0,0,0,0,0,0,0,0,0,0,0,0,0,0,0,0,0,0,0,0,0,0,0,0,0,0,0,0,0,0,0,0,0,0,0,0,0,0,0,0,0,0,0,0,0,0,0,0,0,0,0,0,0,0,0,0,0,0,0,0,0,0,0,0,0,0,0,0,0,0,0,0,0,0,0,0,0,0,0,0,0,0,0,0,0,0,0,0,0,0,0,0,0
2023-12-10,72,72,72,72,71,72,72,72,72,38,38,38,38,72,72,72,72,72,72,72,72,68,39,14,12,12,12,12,14,14,39,14,14,14,12,59,0,0,0,0,0,0,0,0,0,0,0,1,1,1,1,1,1,1,1,1,1,1,1,1,1,0,0,0,0,0,0,0,1,1,1,1,1,1,0,0,0,0,0,0,0,0,0,0,0,1,1,1,1,0,0,0,0,0,0,0,0,0,0,0,0,0,0,0,0,0,0,0,0,0,0,0,0,0,0,0,0,0,0,0,0,0,0,0,0,0,0,0,0,0,0,0,0,0,0,0,0,0,0,0,0,0,0,0,0,0,0,0,0,0,0,0,0,0,0,0,0,0,0,0,0,0,0,0,0,0,0,0,0,0,0,0,0,0,0,0,0,0,0,0,0,0,0,0,0,0,0,0,0,0,0,0,0,0,0,0,0,0,0,0,0,0,0,0,0,0,0,0,0,0,0,0,0,0,0,0,0,0,0,0,0,0,0,0,0,0,0,0,0,0,0,0,0,0,0,0,0,0,0,0,0,0,0,0,0,0,0,0,0,0,0,0,0,0,0,0,0,0,0,0,0,0,0,0,0,0,0,0,0,0,0
2023-12-17,135,135,135,135,135,135,135,135,135,68,68,68,68,135,135,135,135,135,135,135,135,133,75,31,16,16,16,16,31,31,75,31,31,31,16,122,0,0,0,0,0,0,0,0,0,0,0,6,6,6,6,6,6,6,6,6,6,6,6,6,6,1,1,1,1,1,1,1,6,6,6,6,6,6,0,0,0,0,0,0,0,0,4,4,0,0,0,0,0,0,0,0,0,0,0,0,0,0,0,5,5,5,5,5,5,5,5,5,5,5,5,4,5,5,5,4,1,1,1,1,5,5,5,5,5,5,0,0,0,1,1,1,1,1,1,1,0,0,0,0,0,0,0,0,0,0,0,0,0,0,1,1,1,1,0,0,0,0,0,0,0,0,0,0,0,0,0,0,0,0,0,0,0,0,0,0,0,0,0,0,0,0,0,0,0,0,0,0,0,0,0,0,0,0,0,0,0,0,0,0,0,0,0,0,0,0,0,0,0,0,0,0,0,0,0,0,0,0,0,0,0,0,0,0,0,0,0,0,0,0,0,0,0,0,0,0,0,0,0,0,0,0,0,0,0,0,0,0,0,0,0,0,0,0,0,0,0,0,0,0,0,0,0,0,0,0,0,0,0,0,0
2023-12-24,126,126,126,126,126,126,126,126,126,59,59,59,59,126,126,126,126,126,126,126,126,124,62,17,13,13,13,13,17,17,62,17,17,17,13,106,0,0,0,0,0,0,0,0,0,0,0,8,8,8,8,7,7,7,7,7,6,7,7,7,6,2,2,2,2,2,2,2,7,7,7,7,7,7,0,0,0,0,0,0,0,0,1,1,0,1,1,1,1,0,0,0,0,0,0,0,0,0,0,1,1,1,1,1,1,1,1,1,1,1,1,1,1,1,1,1,1,1,1,1,1,1,1,1,1,1,0,0,0,0,0,0,0,0,0,0,0,0,0,0,0,0,0,0,0,0,0,0,0,0,0,0,0,0,0,0,0,0,0,0,0,0,0,0,0,0,0,0,0,0,1,0,0,0,0,0,0,0,0,0,0,0,0,0,0,0,0,0,0,0,0,0,0,0,0,0,0,0,0,0,0,0,0,0,0,0,0,0,0,0,0,0,0,0,0,0,0,0,0,0,0,0,0,0,0,0,0,0,0,0,0,0,0,0,0,0,0,0,0,0,0,0,0,0,0,0,0,0,0,0,0,0,0,0,0,0,0,0,0,0,0,0,0,0,0,0,0,0,0,0,0
2023-12-31,165,165,165,165,163,165,165,165,165,114,114,114,114,165,165,165,165,165,165,165,165,163,59,20,13,13,13,13,20,20,59,20,20,20,13,152,0,0,0,0,0,0,0,0,0,0,0,11,11,11,11,9,10,9,9,9,8,9,9,9,2,1,1,1,1,1,1,1,9,9,9,9,9,9,0,0,0,0,0,0,0,0,1,1,0,1,1,1,1,0,0,0,0,0,0,0,0,0,0,1,1,1,1,1,1,1,1,1,1,1,1,1,1,1,1,1,0,0,0,0,1,1,1,1,1,1,0,0,0,0,0,0,0,0,0,0,0,0,0,0,0,0,0,0,0,0,0,0,0,0,0,0,0,0,0,0,0,0,0,0,0,0,0,0,0,0,0,0,0,0,1,0,0,0,0,0,0,0,0,0,0,0,0,0,0,0,0,0,0,0,0,0,0,0,0,0,0,0,0,0,0,0,0,0,0,0,0,0,0,0,0,0,0,0,0,0,0,0,0,0,0,0,0,0,0,0,0,0,0,0,0,0,0,1,0,0,0,0,0,0,0,0,0,0,0,0,0,0,0,0,0,0,0,0,0,0,0,0,0,0,0,0,0,0,0,0,0,0,0,0,0
2024-01-07,104,104,104,104,104,104,104,104,104,59,59,59,59,104,104,104,104,104,104,104,104,102,46,24,22,22,22,22,24,24,46,24,24,24,22,88,0,0,0,0,0,0,0,0,0,0,0,2,2,2,2,1,1,1,1,1,1,1,1,1,1,1,1,1,1,1,1,1,1,1,1,1,1,1,0,0,0,0,0,0,0,0,0,0,0,0,0,0,0,0,0,0,0,0,0,0,0,0,0,1,1,1,1,1,1,1,1,1,1,1,1,1,1,1,1,1,0,0,0,0,1,1,1,1,1,1,0,0,0,0,0,0,0,0,0,0,0,0,0,0,0,0,0,0,0,0,0,0,0,0,1,1,1,1,0,0,0,0,0,0,0,0,0,0,0,0,0,0,0,0,1,0,0,0,0,0,0,0,0,0,0,0,0,0,0,0,0,0,0,0,0,0,0,0,0,0,0,0,0,0,0,0,0,0,0,0,0,0,0,0,0,0,0,0,0,0,0,0,0,0,0,0,0,0,0,0,0,0,0,0,0,0,0,0,0,0,0,0,0,0,0,0,0,0,0,0,0,0,0,0,0,0,0,0,0,0,0,0,0,0,0,0,0,0,0,0,0,0,0,0,0
2024-01-14,75,75,75,75,75,75,75,75,75,34,34,34,34,75,75,75,75,75,75,75,75,74,39,9,8,8,8,8,9,9,39,9,9,9,8,60,0,0,0,0,0,0,0,0,0,0,0,2,2,2,2,2,2,2,2,2,2,2,2,2,1,0,0,0,0,0,0,0,2,2,2,2,2,2,0,0,0,0,0,0,0,0,1,1,0,0,0,0,0,0,0,0,0,0,0,0,0,0,0,1,1,1,1,1,1,1,1,1,1,1,1,1,1,1,1,1,0,0,0,0,1,1,1,1,1,1,0,0,0,1,1,1,1,1,1,1,0,0,0,1,1,1,1,1,1,1,1,1,1,1,0,0,0,0,0,0,0,0,0,0,0,0,0,0,0,0,0,0,0,0,0,0,0,0,0,0,0,0,0,0,0,0,0,0,0,0,0,0,0,0,0,0,0,0,0,0,0,0,0,0,0,0,0,0,0,0,0,0,0,0,0,0,0,0,0,0,0,0,0,0,0,0,0,0,0,0,0,0,0,0,0,0,0,0,0,0,0,0,0,0,0,0,0,0,0,0,0,0,0,0,0,0,0,0,0,0,0,0,0,0,0,0,0,0,0,0,0,0,0,0,0
2024-01-21,77,77,77,77,77,77,77,77,77,31,31,31,31,77,77,77,77,77,77,77,77,76,42,13,11,11,11,11,13,13,42,13,13,13,11,66,0,0,0,0,0,0,0,0,0,0,0,9,9,9,9,9,9,9,9,9,9,9,9,9,9,8,8,8,8,8,8,8,9,9,9,9,9,9,0,0,0,0,0,0,0,0,0,0,0,0,0,0,0,0,0,0,0,0,0,0,0,0,0,0,0,0,0,0,0,0,0,0,0,0,0,0,0,0,0,0,0,0,0,0,0,0,0,0,0,0,0,0,0,0,0,0,0,0,0,0,0,0,0,0,0,0,0,0,0,0,0,0,0,0,0,0,0,0,0,0,0,0,0,0,0,0,0,0,0,0,0,0,0,0,0,0,0,0,0,0,0,0,0,0,0,0,0,0,0,0,0,0,0,0,0,0,0,0,0,0,0,0,0,0,0,0,0,0,0,0,0,0,0,0,0,0,0,0,0,0,0,0,0,0,0,0,0,0,0,0,0,0,0,0,0,0,0,0,0,0,0,0,0,0,0,0,0,0,0,0,0,0,0,0,0,0,0,0,0,0,0,0,0,0,0,0,0,0,0,0,0,0,0,0,0
2024-01-28,73,73,73,73,72,73,73,73,73,32,32,32,32,73,73,73,73,73,73,73,73,71,41,10,7,7,7,7,10,10,41,10,10,10,7,64,0,0,0,0,0,0,0,0,0,0,0,2,2,2,2,2,2,2,2,2,2,2,2,2,1,0,0,0,0,0,0,0,2,2,2,2,2,2,0,0,0,0,0,0,0,0,0,0,0,1,1,1,1,0,0,0,0,0,0,0,0,0,0,1,1,1,1,1,1,1,1,1,1,1,1,1,1,1,1,1,0,0,0,0,1,1,1,1,1,1,0,1,2,0,0,0,0,0,0,0,0,0,0,0,0,0,0,0,0,0,0,0,0,0,0,0,0,0,0,0,0,0,0,0,0,0,0,0,0,0,0,0,0,0,0,0,0,0,0,0,0,0,0,0,0,0,0,0,0,0,0,0,0,0,0,0,0,0,0,0,0,0,0,0,0,0,0,0,0,0,0,0,0,0,0,0,0,0,0,0,0,0,0,0,0,0,0,0,0,0,0,0,0,0,0,0,0,0,0,0,0,0,0,0,0,0,0,0,0,0,0,0,0,0,0,0,0,0,0,0,0,0,0,0,0,0,0,0,0,0,0,0,0,0,0
2024-02-04,65,65,65,65,65,65,65,65,65,37,37,37,37,65,65,65,65,65,65,65,65,64,24,6,6,6,6,6,6,6,24,6,6,6,6,48,0,0,0,0,0,0,0,0,0,0,0,2,2,2,2,2,2,2,2,2,2,2,2,2,1,0,0,0,0,0,0,0,2,2,2,2,2,2,0,0,0,0,0,0,0,0,1,1,0,0,0,0,0,0,0,0,0,0,0,0,0,0,0,1,1,1,1,1,1,1,1,1,1,1,1,1,1,1,1,1,1,1,1,1,1,1,1,1,1,1,0,0,1,0,0,0,0,0,0,0,0,0,0,0,0,0,0,0,0,0,0,0,0,0,0,0,0,0,0,0,0,0,0,0,0,0,0,0,0,0,0,0,0,0,0,0,0,0,0,0,0,0,0,0,0,0,0,0,0,0,0,0,0,0,0,0,0,0,0,0,0,0,0,0,0,0,0,0,0,0,0,0,0,0,0,0,0,0,0,0,0,0,0,0,0,0,0,0,0,0,0,0,0,0,0,0,0,0,0,0,0,0,0,0,0,0,0,0,0,0,0,0,0,0,0,0,0,0,0,0,0,0,0,0,0,0,0,0,0,0,0,0,0,0,0
2024-02-11,62,62,62,62,62,62,62,62,62,18,18,18,18,62,62,62,62,62,62,62,62,60,39,12,9,9,9,9,12,12,39,12,12,12,9,53,0,0,0,0,0,0,0,0,0,0,0,3,3,3,3,2,3,2,2,2,2,2,2,2,1,0,0,0,0,0,0,0,2,2,2,2,2,2,0,0,0,0,0,0,0,0,0,0,0,1,1,1,1,0,0,0,0,0,0,0,0,0,0,4,4,4,4,4,4,4,4,4,4,4,4,4,4,4,4,4,2,2,2,2,4,4,4,4,4,4,0,0,0,0,0,0,0,0,0,0,0,0,0,0,0,0,0,0,0,0,0,0,0,0,2,2,2,2,0,0,0,0,0,0,0,0,0,0,0,0,0,0,0,0,0,0,0,0,0,0,0,0,0,0,0,0,0,0,0,0,0,0,0,0,0,0,0,0,0,0,0,0,0,0,0,0,0,0,0,0,0,0,0,0,0,0,0,0,0,0,0,0,0,0,0,0,0,0,0,0,0,0,0,0,0,0,0,1,0,0,0,0,0,0,0,0,0,0,0,0,0,0,0,0,0,0,0,0,0,0,0,0,0,0,0,0,0,0,0,0,0,0,0,0,0
2024-02-18,90,90,90,90,90,90,90,90,90,37,37,37,37,90,90,90,90,90,90,90,90,84,34,12,10,10,10,10,12,12,34,12,12,12,10,77,0,0,0,0,0,0,0,0,0,0,0,5,5,5,5,5,5,5,5,5,5,5,5,5,4,4,4,4,4,4,4,4,5,5,5,5,5,5,0,0,0,0,0,0,0,0,0,0,0,1,1,1,1,0,0,0,0,0,0,0,0,0,0,2,2,2,2,2,2,2,2,2,2,2,2,2,2,2,2,2,1,1,1,1,2,2,2,2,2,2,0,0,0,0,0,0,0,0,0,0,0,0,0,0,0,0,0,0,0,0,0,0,0,0,0,0,0,0,0,0,0,0,0,0,0,0,1,1,0,0,0,0,0,0,0,0,0,0,0,0,0,0,0,0,0,0,0,0,0,0,0,0,0,0,0,0,0,0,0,0,0,0,0,0,0,0,0,0,0,0,0,0,0,0,0,0,0,0,0,0,0,0,0,0,0,0,0,0,0,0,0,0,0,0,0,0,0,0,0,0,0,0,0,0,0,0,0,0,0,0,0,0,0,0,0,0,0,0,0,0,0,0,0,0,0,0,0,0,0,0,0,0,0,0,0
2024-02-25,63,63,63,63,63,63,63,63,63,22,22,22,22,63,63,63,63,63,63,63,63,62,33,13,12,12,12,12,13,13,33,13,13,13,12,56,0,0,0,0,0,0,0,0,0,0,0,2,2,2,2,2,2,2,2,2,2,2,2,2,0,0,0,0,0,0,0,0,2,2,2,2,2,2,0,0,0,0,0,0,0,0,0,0,0,0,0,0,0,0,0,0,0,0,0,0,0,0,0,1,1,1,1,1,1,1,1,1,1,1,1,1,1,1,1,1,1,1,1,1,1,1,1,1,1,1,0,1,1,0,0,0,0,0,0,0,0,0,0,0,0,0,0,0,0,0,0,0,0,0,0,0,0,0,0,0,0,0,0,0,0,0,0,0,0,0,0,0,0,0,0,0,0,0,0,0,0,0,0,0,0,0,0,0,0,0,0,0,0,0,0,0,0,0,0,0,0,0,0,0,0,0,0,0,0,0,0,0,0,0,0,0,0,0,0,0,0,0,0,0,0,0,0,0,0,0,0,0,0,0,0,0,0,0,0,0,0,0,0,0,0,0,0,0,0,0,0,0,0,0,0,0,0,0,0,0,0,0,0,0,0,0,0,0,0,0,0,0,0,0,0
2024-03-03,70,70,70,70,70,70,70,70,70,26,26,26,26,70,70,70,70,70,70,70,70,69,39,16,11,11,11,11,16,16,39,16,16,16,11,62,0,0,0,0,0,0,0,0,0,0,0,2,2,2,2,2,2,2,2,2,2,2,2,2,2,0,0,0,0,0,0,0,2,2,2,2,2,2,0,0,0,0,0,0,0,0,0,0,0,0,0,0,0,0,0,0,0,0,0,0,0,0,0,1,1,1,1,1,1,1,1,1,1,1,1,1,1,1,1,1,1,1,1,1,1,1,1,1,1,1,0,0,0,0,0,0,0,0,0,0,0,0,0,0,0,0,0,0,0,0,0,0,0,0,0,0,0,0,0,0,0,0,0,0,0,0,0,0,0,0,0,0,0,0,0,0,0,0,0,0,0,0,0,0,0,0,0,0,0,0,0,0,0,0,0,0,0,0,0,0,0,0,0,0,0,0,0,0,0,0,0,0,0,0,0,0,0,0,0,0,0,0,0,0,0,0,0,0,0,0,0,0,0,0,0,0,0,0,0,0,0,0,0,0,0,0,0,0,0,0,0,0,0,0,0,0,0,0,0,0,0,0,0,0,0,0,0,0,0,0,0,0,0,0,0
2024-03-10,84,84,84,84,83,84,84,84,84,38,38,38,38,84,84,84,84,84,84,84,84,82,43,19,12,12,12,12,19,19,43,19,19,19,12,74,0,0,0,0,0,0,0,0,0,0,0,2,2,2,2,2,2,2,2,2,1,2,2,2,2,1,1,1,1,1,1,1,2,2,2,2,2,2,0,0,0,0,0,0,0,0,1,1,0,0,0,0,0,0,0,0,0,0,0,0,0,0,0,2,2,2,2,2,2,2,2,2,2,2,2,2,2,2,2,2,1,1,1,1,2,2,2,2,2,2,0,0,0,0,0,0,0,0,0,0,0,0,0,0,0,0,0,0,0,0,0,0,0,0,0,0,0,0,0,0,0,0,0,0,0,0,0,0,0,0,0,0,0,0,0,0,0,0,0,0,0,0,0,0,0,0,0,0,0,0,0,0,0,0,0,0,0,0,0,0,0,0,0,0,0,0,0,0,0,0,0,0,0,0,0,0,0,0,0,0,0,0,0,0,0,0,0,0,0,0,0,0,0,0,0,0,0,0,0,0,0,0,0,0,0,0,0,0,0,0,0,0,0,0,0,0,0,0,0,0,0,0,0,0,0,0,0,0,0,0,0,0,0,0,0
2024-03-17,76,76,76,76,75,76,76,76,76,30,30,30,30,76,76,76,76,76,76,76,76,73,37,18,13,13,13,13,18,18,37,18,18,18,13,65,0,0,0,0,0,0,0,0,0,0,0,3,3,3,3,3,3,3,3,3,3,3,3,3,2,0,0,0,0,0,0,0,3,3,3,3,3,3,0,0,0,0,0,0,0,0,1,1,0,1,1,1,1,0,0,0,0,0,0,0,0,0,0,2,2,2,2,2,2,2,2,2,2,2,2,1,2,2,2,2,0,0,0,0,2,2,2,2,2,2,0,0,0,1,1,1,1,1,1,1,0,0,0,1,1,1,1,1,1,1,1,1,1,1,1,1,1,1,0,0,0,0,0,0,0,0,0,0,0,0,0,0,0,0,0,0,0,0,0,0,0,0,0,0,0,0,0,0,0,0,0,0,0,0,0,0,0,0,0,0,0,0,0,0,0,0,0,0,0,0,0,0,0,0,0,0,0,0,0,0,0,0,0,0,0,0,0,0,0,0,0,0,0,0,0,0,0,0,0,0,0,0,0,0,0,0,0,0,0,0,0,0,0,0,0,0,0,0,0,0,0,0,0,0,0,0,0,0,0,0,0,0,0,0,0
2024-03-24,50,50,50,50,50,50,50,50,50,15,15,15,15,50,50,50,50,50,50,50,50,46,29,11,9,9,9,9,11,11,29,11,11,11,9,45,0,0,0,0,0,0,0,0,0,0,0,5,5,5,5,5,5,5,5,5,4,5,5,5,4,2,2,2,2,2,2,2,5,5,5,5,5,5,0,0,0,0,0,0,0,0,2,2,0,0,0,0,0,0,0,0,0,0,0,0,0,0,0,1,1,1,1,1,1,1,1,1,1,1,1,1,1,1,1,1,0,0,0,0,1,1,1,1,1,1,0,0,0,1,1,1,1,1,1,1,0,0,0,0,0,0,0,0,0,0,0,0,0,0,0,0,0,0,0,0,0,0,0,0,0,0,0,0,0,0,0,0,0,0,0,0,0,0,0,0,0,0,0,0,0,0,0,0,0,0,0,0,0,0,0,0,0,0,0,0,0,0,0,0,0,0,0,0,0,0,0,0,0,0,0,0,0,0,0,0,0,0,0,0,0,0,0,0,0,0,0,0,0,0,0,0,0,0,0,0,0,0,0,0,0,0,0,0,0,0,0,0,0,0,0,0,0,0,0,0,0,0,0,0,0,0,0,0,0,0,0,0,0,0,0
2024-03-31,74,74,74,74,74,74,74,74,74,18,18,18,18,74,74,74,74,74,74,74,74,71,50,16,8,8,8,8,16,16,50,16,16,16,8,69,0,0,0,0,0,0,0,0,0,0,0,7,7,7,7,6,6,6,6,6,5,6,6,6,5,4,4,4,4,4,4,4,6,6,6,6,6,6,0,0,0,0,0,0,0,0,1,1,0,0,0,0,0,0,0,0,0,0,0,0,0,0,0,1,1,1,1,1,1,1,1,1,1,1,1,1,1,1,1,1,0,0,0,0,1,1,1,1,1,1,0,0,0,0,0,0,0,0,0,0,0,0,0,1,1,1,1,1,1,1,1,1,1,1,0,0,0,0,0,0,0,0,0,0,0,0,1,1,0,0,0,0,0,0,1,0,0,0,0,0,0,0,0,0,0,0,0,0,0,0,0,0,0,0,0,0,0,0,0,0,0,0,0,0,0,0,0,0,0,0,0,0,0,0,0,0,0,0,0,0,0,0,0,0,0,0,0,0,0,0,0,0,0,0,0,0,0,0,0,0,0,0,0,0,0,0,0,0,0,0,0,0,0,0,0,0,0,0,0,0,0,0,0,0,0,0,0,0,0,0,0,0,0,0,0
2024-04-07,132,132,132,132,132,132,132,132,132,45,45,45,45,132,132,132,132,132,132,132,132,130,81,33,22,22,22,22,33,33,81,33,33,33,22,117,0,0,0,0,0,0,0,0,0,0,0,16,16,16,16,16,16,16,16,16,15,16,16,16,14,11,11,11,11,11,11,11,16,16,16,16,16,16,0,0,0,0,0,0,0,0,3,3,0,0,0,0,0,0,0,0,0,0,0,0,0,0,0,1,2,1,1,1,1,1,1,1,1,1,1,1,1,1,1,1,1,1,1,1,1,1,1,1,1,1,0,0,0,0,0,0,0,0,0,0,0,0,0,0,0,0,0,0,0,0,0,0,0,0,0,0,0,0,0,0,0,0,0,0,0,0,0,0,0,0,0,0,0,0,0,0,0,0,0,0,0,0,0,0,0,0,0,0,0,0,0,0,0,0,0,0,0,0,0,0,0,0,0,0,0,0,0,0,0,0,0,0,0,0,0,0,0,0,0,0,0,0,0,0,0,0,0,0,0,0,0,0,0,0,0,0,0,0,0,0,0,0,0,0,0,0,0,0,0,0,0,0,0,0,0,1,0,0,0,0,0,0,0,0,0,0,0,0,0,0,0,0,0,0,0
2024-04-14,74,74,74,74,74,74,74,74,74,13,13,13,13,74,74,74,74,74,74,74,74,66,44,17,8,8,8,8,17,17,44,17,17,17,8,67,0,0,0,0,0,0,0,0,0,0,0,8,8,8,8,8,8,8,8,8,8,8,8,8,8,4,4,4,4,4,4,4,8,8,8,8,8,8,0,0,0,0,0,0,0,0,4,4,0,0,0,0,0,0,0,0,0,0,0,0,0,0,0,1,1,1,1,1,1,1,1,1,1,1,1,1,1,1,1,1,0,0,0,0,1,1,1,1,1,1,0,1,1,0,0,0,0,0,0,0,0,0,0,0,0,0,0,0,0,0,0,0,0,0,0,0,0,0,0,0,0,0,0,0,0,0,0,0,0,0,0,0,0,0,0,0,0,0,0,0,0,0,0,0,0,0,0,0,0,0,0,0,0,0,0,0,0,0,0,0,0,0,0,0,0,0,0,0,0,0,0,0,0,0,0,0,0,0,0,0,0,0,0,0,0,0,0,0,0,0,0,0,0,0,0,0,0,0,0,0,0,0,0,0,0,1,0,0,0,0,0,0,0,0,0,0,0,0,0,0,0,0,0,0,0,0,0,0,0,0,0,0,0,1,0
2024-04-21,80,80,80,80,80,80,80,80,80,31,31,31,31,80,80,80,80,80,80,80,80,78,49,17,10,10,10,10,17,17,49,17,17,17,10,70,0,0,0,0,0,0,0,0,0,0,0,4,4,5,4,4,4,4,4,4,4,4,4,4,4,2,2,2,2,2,2,2,4,4,4,4,4,4,0,0,0,0,0,0,0,0,1,1,0,0,0,0,0,0,0,0,0,0,0,0,0,0,0,1,1,1,1,1,1,1,0,0,0,0,0,0,0,0,0,0,0,0,0,0,0,0,0,0,0,0,0,0,0,0,0,0,0,0,0,0,0,0,0,0,0,0,0,0,0,0,0,0,0,0,0,0,0,0,0,0,0,0,0,0,0,0,0,0,0,0,0,0,0,0,0,0,0,0,0,0,0,0,0,0,0,0,0,0,0,0,0,0,0,0,0,0,0,0,0,0,0,0,0,0,0,0,0,0,0,0,0,0,0,0,0,0,0,0,0,0,0,0,0,0,0,0,0,0,0,0,0,0,0,0,0,0,0,0,0,0,0,0,0,0,0,0,0,0,0,0,0,0,0,0,0,0,1,0,0,0,0,0,0,0,0,0,0,0,0,0,0,0,0,0,0
2024-04-28,128,128,128,128,128,128,128,128,128,38,38,38,38,128,128,128,128,128,128,128,128,125,91,46,37,37,37,37,46,46,91,46,46,46,37,117,0,0,0,0,0,0,0,0,0,0,0,19,19,19,19,19,19,19,19,19,19,19,19,19,19,5,4,4,4,4,5,5,19,19,19,19,19,19,0,0,0,0,0,0,0,0,13,13,0,1,1,1,1,0,0,0,0,0,0,0,0,0,0,3,3,3,3,3,3,3,3,3,3,3,2,2,3,3,3,2,0,0,0,0,3,3,3,3,3,3,0,0,0,2,2,2,2,2,2,2,0,0,0,2,2,2,2,2,2,2,2,2,2,2,0,0,0,0,0,0,0,0,0,0,0,0,0,0,0,0,0,0,0,0,0,0,0,0,0,0,0,0,0,0,0,0,0,0,0,0,0,0,0,0,0,0,0,0,0,0,0,0,0,0,0,0,0,0,0,0,0,0,0,0,0,0,0,0,0,0,0,0,0,0,0,0,0,0,0,0,0,0,0,0,0,0,0,0,0,0,0,0,0,0,0,0,0,0,0,0,0,0,0,0,0,0,0,0,0,0,0,0,0,0,0,0,0,0,0,0,0,0,0,0,0
2024-05-05,160,160,160,160,160,160,160,160,160,34,34,34,34,160,160,160,160,160,160,160,160,146,127,70,58,58,58,58,70,70,127,70,70,70,58,149,0,0,0,0,0,0,0,0,0,0,0,23,23,24,23,23,23,23,23,22,22,23,23,23,23,12,11,11,11,11,12,12,23,23,23,23,23,23,0,1,1,1,1,1,0,0,10,10,0,0,0,0,0,0,0,0,0,0,0,1,1,1,1,5,6,5,5,5,5,5,4,4,4,4,4,4,4,4,4,4,2,2,2,2,4,4,4,4,4,4,0,0,0,1,1,1,1,1,1,1,0,0,0,0,0,0,0,0,0,0,0,0,0,0,0,0,0,0,0,1,1,1,1,1,1,1,0,0,0,0,0,0,0,0,0,0,0,0,0,0,0,0,0,0,0,0,0,0,0,0,0,0,0,0,0,0,0,0,0,0,0,0,0,0,0,0,0,0,0,0,0,0,0,0,0,0,0,0,0,0,0,0,0,0,0,0,0,0,0,0,0,0,0,0,0,0,0,0,0,0,0,0,0,0,0,0,0,0,0,0,0,0,0,0,0,0,1,0,0,0,0,0,0,0,0,0,0,0,0,0,0,0,0,0,0
2024-05-12,154,154,154,154,154,154,154,154,154,28,28,28,28,154,154,154,154,154,154,154,154,147,124,49,41,41,41,41,49,49,124,49,49,49,41,144,0,0,0,0,0,0,0,0,0,0,0,34,34,34,34,34,34,34,34,34,33,34,34,34,34,11,8,8,8,8,11,11,34,34,34,34,34,34,0,0,0,0,0,0,0,0,22,22,0,0,0,0,0,0,0,0,0,0,0,0,0,0,0,5,5,5,5,5,5,5,5,5,5,5,5,5,5,5,5,4,1,1,1,1,5,5,5,5,5,5,0,0,0,1,1,1,1,1,1,1,0,0,0,2,2,2,2,2,2,2,2,2,2,2,0,0,0,0,0,0,0,0,0,0,0,0,0,0,0,0,0,0,0,0,0,0,0,0,0,0,0,0,0,0,0,0,0,0,0,0,0,0,0,0,0,0,0,0,0,0,0,0,0,0,0,0,0,0,0,0,0,0,0,0,0,0,0,0,0,0,0,0,0,0,0,0,0,0,0,0,0,0,0,0,0,0,0,0,0,0,0,0,0,0,0,0,0,0,0,0,0,0,0,0,0,0,0,0,0,0,0,0,0,0,0,0,0,0,0,0,0,0,0,0,0
2024-05-19,134,134,134,134,134,134,134,134,134,44,44,44,44,134,134,134,134,134,134,134,134,129,93,38,34,34,34,34,38,38,93,38,38,38,34,129,0,0,0,0,0,0,0,0,0,0,0,18,18,19,18,16,16,16,16,16,16,16,16,16,15,6,6,6,6,6,6,6,16,16,16,16,16,16,0,0,0,0,0,0,0,0,8,8,0,0,0,0,0,0,0,0,0,0,0,1,1,1,1,5,5,5,5,5,5,5,4,4,4,4,4,4,4,4,4,4,0,0,0,0,4,4,4,4,4,4,0,0,0,2,2,2,2,2,2,2,0,0,0,4,2,2,2,2,4,4,4,4,4,2,0,0,0,0,0,0,0,0,0,0,0,0,1,1,0,0,0,0,0,0,2,0,0,0,0,0,0,0,0,0,0,0,0,0,0,0,0,0,0,0,0,0,0,0,0,0,0,0,0,0,0,0,0,0,0,0,0,0,0,0,0,0,0,0,0,0,0,0,0,0,0,0,0,0,0,0,0,0,0,0,0,0,0,0,0,0,0,0,0,0,0,0,0,0,0,0,0,0,0,0,0,0,1,0,0,0,0,0,0,0,0,0,0,0,0,0,0,0,0,0,0
2024-05-26,121,121,121,121,121,121,121,121,121,17,17,17,17,121,121,121,121,121,121,121,121,111,94,44,36,36,36,36,44,44,94,44,44,44,36,113,0,0,0,0,0,0,0,0,0,0,0,13,13,13,13,13,13,13,13,13,12,13,13,13,9,2,2,2,2,2,2,2,13,13,13,13,13,13,0,0,0,0,0,0,0,0,7,7,0,0,0,0,0,0,0,0,0,0,0,0,0,0,0,3,3,3,3,3,3,3,3,3,3,3,3,2,3,3,3,3,0,0,0,0,3,3,3,3,3,3,0,0,1,2,2,2,2,2,2,2,0,0,0,1,1,1,1,1,1,1,1,1,1,1,0,0,0,0,0,0,0,0,0,0,0,0,0,0,0,0,0,0,0,0,0,0,0,0,0,0,0,0,0,0,0,0,0,0,0,0,0,0,0,0,0,0,0,0,0,0,0,0,0,0,0,0,0,0,0,0,0,0,0,0,0,0,0,0,0,0,0,0,0,0,0,0,0,0,0,0,0,0,0,0,0,0,0,0,0,0,0,0,0,0,0,0,0,0,0,0,0,0,0,0,0,0,0,0,0,0,0,0,0,0,0,0,0,0,0,0,0,0,0,0,0
2024-06-02,110,110,110,110,110,110,110,110,110,29,29,29,29,110,110,110,110,110,110,110,110,106,72,31,23,23,23,23,31,31,72,31,31,31,23,106,0,0,0,0,0,0,0,0,0,0,0,5,5,5,5,5,5,5,5,5,4,5,5,5,4,4,4,4,4,4,4,4,5,5,5,5,5,5,0,0,0,0,0,0,0,0,0,0,0,1,1,1,1,0,0,0,0,0,0,0,0,0,0,4,4,4,4,4,4,4,4,4,4,4,4,4,4,4,4,4,0,0,0,0,4,4,4,4,4,4,0,0,0,3,1,1,1,1,3,3,0,0,0,2,2,2,2,2,2,2,2,2,2,2,1,1,1,1,0,0,0,0,0,0,0,0,0,0,0,0,0,0,0,0,0,0,0,0,0,0,0,0,0,0,0,0,0,0,0,0,0,0,0,0,0,0,0,0,0,0,0,0,0,0,0,0,0,0,0,0,0,0,0,0,0,0,0,0,0,0,0,0,0,0,0,0,0,0,0,0,0,0,0,0,0,0,0,0,0,0,0,0,0,0,0,0,0,0,0,0,0,0,0,0,0,0,0,0,0,0,0,0,0,0,0,0,0,0,0,0,0,0,0,0,0
2024-06-09,145,145,145,145,145,145,145,145,145,48,48,48,48,145,145,145,145,145,145,145,145,138,94,51,38,38,38,38,51,51,94,51,51,51,38,134,0,0,0,0,0,0,0,0,0,0,0,4,4,4,4,4,4,4,4,4,4,4,4,4,4,1,1,1,1,1,1,1,4,4,4,4,4,4,0,0,0,0,0,0,0,0,0,0,0,0,0,0,0,0,0,0,0,0,0,1,1,1,1,2,2,2,2,2,2,2,2,2,2,2,2,2,2,2,2,2,0,0,0,0,2,2,2,2,2,2,0,0,0,1,1,1,1,1,1,1,0,0,0,0,0,0,0,0,0,0,0,0,0,0,0,0,0,0,0,0,0,0,0,0,0,0,1,1,0,0,0,0,0,0,0,0,0,0,0,0,0,0,0,0,0,0,0,0,0,0,0,0,0,0,0,0,0,0,0,0,0,0,0,0,0,0,0,0,0,0,0,0,0,0,0,0,0,0,0,0,0,0,0,0,0,0,0,0,0,0,0,0,0,0,0,0,0,0,0,0,0,0,0,0,0,0,0,0,0,0,0,0,0,0,0,0,0,0,0,0,0,0,0,0,0,0,0,0,0,0,0,0,0,0,0
2024-06-16,97,97,97,97,97,97,97,97,97,27,27,27,27,97,97,97,97,97,97,97,97,91,65,34,28,28,28,28,34,34,65,34,34,34,28,93,0,0,0,0,0,0,0,0,0,0,0,3,3,4,3,3,3,3,3,3,3,3,3,3,3,2,1,1,1,1,2,2,3,3,3,3,3,3,0,0,0,0,0,0,0,0,0,0,0,0,0,0,0,0,0,0,0,0,0,0,0,0,0,2,2,2,2,2,2,2,1,2,1,1,1,1,1,1,1,1,0,0,0,0,1,1,1,1,1,1,0,0,0,1,0,0,0,0,1,1,0,0,0,2,0,0,0,0,2,2,2,2,2,0,0,0,0,0,0,0,0,0,0,0,0,0,0,0,0,0,0,0,0,0,0,0,0,0,0,0,0,0,0,0,0,1,0,0,0,0,0,0,0,0,0,0,0,0,0,0,0,0,0,0,0,0,0,0,0,0,0,0,0,0,0,0,0,0,0,0,0,0,0,0,0,0,0,0,0,0,0,0,0,0,0,0,0,0,0,0,0,0,0,0,0,0,0,0,0,0,0,0,0,0,0,0,0,0,0,0,0,0,0,0,0,0,0,0,0,0,0,0,0,0,0
2024-06-23,74,74,74,74,74,74,74,74,74,26,26,26,26,74,74,74,74,74,74,74,74,66,51,27,22,22,22,22,27,27,51,27,27,27,22,71,0,0,0,0,0,0,0,0,0,0,0,1,1,1,1,1,1,1,1,1,1,1,1,1,1,0,0,0,0,0,0,0,1,1,1,1,1,1,0,0,0,0,0,0,0,0,0,0,0,0,0,0,0,0,0,0,0,0,0,0,0,0,0,2,2,2,2,2,2,2,2,2,2,2,2,2,2,2,2,2,0,0,0,0,2,2,2,2,2,2,0,0,0,1,1,1,1,1,1,1,0,0,0,1,0,0,0,0,1,1,1,1,1,0,1,1,1,1,0,0,0,0,0,0,0,0,0,0,0,0,0,0,0,0,0,0,0,0,0,0,0,0,0,0,0,0,0,0,0,0,0,0,0,0,0,0,0,0,0,0,0,0,0,0,0,0,0,0,0,0,0,0,0,0,0,0,0,0,0,0,0,0,0,0,0,0,0,0,0,0,0,0,0,0,0,0,0,0,0,0,0,0,0,0,0,0,0,0,0,0,0,0,0,0,0,0,0,0,0,0,0,0,0,0,0,0,0,0,0,0,0,0,0,0,0
2024-06-30,95,95,95,95,95,95,95,95,95,41,41,41,41,95,95,95,95,95,95,95,95,94,53,28,23,23,23,23,28,28,53,28,28,28,23,92,0,0,0,0,0,0,0,0,0,0,0,5,5,5,5,5,5,5,5,5,5,5,5,5,4,2,2,2,2,2,2,2,5,5,5,5,5,5,0,2,2,2,2,2,0,0,0,0,0,0,0,0,0,0,0,0,0,0,0,0,0,0,0,1,1,1,1,1,1,1,1,1,1,1,1,1,1,1,1,1,0,0,0,0,1,1,1,1,1,1,0,0,0,0,0,0,0,0,0,0,0,0,0,1,1,1,1,1,1,1,1,1,1,1,0,0,0,0,0,0,0,0,0,0,0,0,1,1,0,0,0,0,0,0,0,0,0,0,0,0,0,0,0,0,0,0,0,0,0,0,0,0,0,0,0,0,0,0,0,0,0,0,0,0,0,0,0,0,0,0,0,0,0,0,0,0,0,0,0,0,0,0,0,0,0,0,0,0,0,0,0,0,0,0,0,0,0,0,0,0,0,0,0,0,0,0,0,0,0,0,0,0,0,0,0,0,0,0,0,0,0,0,0,0,0,0,0,0,0,0,0,0,0,0,0
2024-07-07,74,74,74,74,74,74,74,74,74,21,21,21,21,74,74,74,74,74,74,74,74,70,53,20,19,19,19,19,20,20,53,20,20,20,19,70,0,0,0,0,0,0,0,0,0,0,0,2,2,2,2,2,2,2,2,2,1,2,2,2,2,1,1,1,1,1,1,1,2,2,2,2,2,2,0,0,0,0,0,0,0,0,0,0,0,0,0,0,0,0,0,0,0,0,0,0,0,0,0,3,3,3,3,3,3,3,3,3,3,3,3,3,3,3,3,2,0,0,0,0,3,3,3,3,3,3,0,0,0,0,0,0,0,0,0,0,0,0,0,1,1,1,1,1,1,1,1,1,1,1,2,2,2,2,0,0,0,0,0,0,0,0,0,0,0,0,0,0,0,0,0,0,0,0,0,0,0,0,0,0,0,0,0,0,0,0,0,0,0,0,0,0,0,0,0,0,0,0,0,0,0,0,0,0,0,0,0,0,0,0,0,0,0,0,0,0,0,0,0,0,0,0,0,0,0,0,0,0,0,0,0,0,0,0,0,0,0,0,0,0,0,0,0,0,0,0,0,0,0,0,0,0,0,0,0,0,0,0,0,0,0,0,0,0,0,0,0,0,0,0,0
2024-07-14,93,93,93,93,93,93,93,93,93,27,27,27,27,93,93,93,93,93,93,93,93,86,62,34,21,21,21,21,34,34,62,34,34,34,21,89,0,0,0,0,0,0,0,0,0,0,0,7,7,7,7,7,7,7,7,7,7,7,7,7,5,3,3,3,3,3,3,3,7,7,7,7,7,7,0,0,0,0,0,0,1,1,1,1,0,1,1,1,1,0,0,0,0,0,0,0,0,0,0,0,0,0,0,0,0,0,0,0,0,0,0,0,0,0,0,0,0,0,0,0,0,0,0,0,0,0,0,0,0,0,0,0,0,0,0,0,0,0,0,0,0,0,0,0,0,0,0,0,0,0,0,0,0,0,0,0,0,0,0,0,0,0,0,0,0,0,0,0,0,0,0,0,0,0,0,0,0,0,0,0,0,0,0,0,0,0,0,0,0,0,0,0,0,0,0,0,0,0,0,0,0,0,0,0,0,0,0,0,0,0,0,0,0,0,0,0,0,0,0,0,0,0,0,0,0,0,0,0,0,0,0,0,0,0,0,0,0,0,0,0,0,0,0,0,0,0,0,0,0,0,0,0,0,0,0,0,0,0,0,0,0,0,0,0,0,0,0,0,0,0,0
2024-07-21,107,107,107,107,107,107,107,107,107,54,54,54,54,107,107,107,107,107,107,107,107,104,58,23,18,18,18,18,23,23,58,23,23,23,18,101,0,0,0,0,0,0,0,0,0,0,0,3,3,3,3,3,3,3,3,3,2,3,3,3,3,1,0,0,0,0,1,1,3,3,3,3,3,3,0,0,0,0,0,0,2,2,0,0,0,1,1,1,1,0,0,0,0,0,0,0,0,0,0,1,1,1,1,1,1,1,1,1,1,1,1,1,1,1,1,1,1,1,1,1,1,1,1,1,1,1,0,0,0,0,0,0,0,0,0,0,0,0,0,0,0,0,0,0,0,0,0,0,0,0,0,0,0,0,0,0,0,0,0,0,0,0,0,0,0,0,0,0,0,0,0,0,0,0,0,0,0,0,0,0,0,0,0,0,0,0,0,0,0,0,0,0,0,0,0,0,0,0,0,0,0,0,0,0,0,0,0,0,0,0,0,0,0,0,0,0,0,0,0,0,0,0,0,0,0,0,0,0,0,0,0,0,0,0,0,0,0,0,0,0,0,0,0,0,0,0,0,0,0,0,0,0,0,0,0,0,0,0,0,0,0,0,0,0,0,0,0,0,0,0,0
2024-07-28,85,85,85,85,85,85,85,85,85,29,29,29,29,85,85,85,85,85,85,85,85,82,60,30,23,23,23,23,30,30,60,30,30,30,23,80,0,0,0,0,0,0,0,0,0,0,0,2,2,2,2,2,2,2,2,2,2,2,2,2,1,1,1,1,1,1,1,1,2,2,2,2,2,2,0,0,0,0,0,0,1,1,0,0,0,1,1,1,1,0,0,0,0,0,0,0,0,0,0,2,2,2,2,2,2,2,2,2,2,2,2,2,2,2,2,2,1,1,1,1,2,2,2,2,2,2,0,0,0,0,0,0,0,0,0,0,0,0,0,0,0,0,0,0,0,0,0,0,0,0,0,0,0,0,0,0,0,0,0,0,0,0,0,0,0,0,0,0,0,0,0,0,0,0,0,0,0,0,0,0,0,0,0,0,0,0,0,0,0,0,0,0,0,0,0,0,0,0,0,0,0,0,0,0,0,0,0,0,0,0,0,0,0,0,0,0,0,0,0,0,0,0,0,0,0,0,0,0,0,0,0,0,0,0,0,0,0,0,0,0,0,0,0,0,0,0,0,0,0,0,0,0,0,0,0,0,0,0,0,0,0,0,0,0,0,0,0,0,0,0,0
2024-08-04,98,98,98,98,98,98,98,98,98,29,29,29,29,98,98,98,98,98,98,98,98,97,66,35,28,28,28,28,35,35,66,35,35,35,28,97,0,0,0,0,0,0,0,0,0,0,0,5,5,5,5,5,5,5,5,5,5,5,5,5,4,4,3,3,3,3,4,4,5,5,5,5,5,5,0,0,0,0,0,0,0,0,0,0,0,0,0,0,0,0,0,0,0,0,0,0,0,0,0,1,1,1,1,1,1,1,1,1,1,1,1,1,1,1,1,1,0,0,0,0,1,1,1,1,1,1,0,0,0,0,0,0,0,0,0,0,0,0,0,0,0,0,0,0,0,0,0,0,0,0,0,0,0,0,0,0,0,0,0,0,0,0,0,0,0,0,0,0,0,0,0,0,0,0,0,0,0,0,0,0,0,0,0,0,0,0,0,0,0,0,0,0,0,0,0,0,0,0,0,0,0,0,0,0,0,0,0,0,0,0,0,0,0,0,0,0,0,0,0,0,0,0,0,0,0,0,0,0,0,0,0,0,0,0,0,0,0,0,0,0,0,0,0,0,0,0,0,0,0,0,0,0,0,0,0,0,0,0,0,0,0,0,0,0,0,0,0,0,0,0,0
2024-08-11,68,68,68,68,68,68,68,68,68,30,30,30,30,68,68,68,68,68,68,68,68,65,40,15,12,12,12,12,15,15,40,15,15,15,12,63,0,0,0,0,0,0,0,0,0,0,0,1,1,1,1,1,1,1,1,1,1,1,1,1,1,0,0,0,0,0,0,0,1,1,1,1,1,1,0,0,0,0,0,0,0,0,0,0,0,0,0,0,0,0,0,0,0,0,0,0,0,0,0,0,0,0,0,0,0,0,0,0,0,0,0,0,0,0,0,0,0,0,0,0,0,0,0,0,0,0,0,0,0,0,0,0,0,0,0,0,0,0,0,0,0,0,0,0,0,0,0,0,0,0,0,0,0,0,0,0,0,0,0,0,0,0,0,0,0,0,0,0,0,0,0,0,0,0,0,0,0,0,0,0,0,0,0,0,0,0,0,0,0,0,0,0,0,0,0,0,0,0,0,0,0,0,0,0,0,0,0,0,0,0,0,0,0,0,0,0,0,0,0,0,0,0,0,0,0,0,0,0,0,0,0,0,0,0,0,0,0,0,0,0,0,0,0,0,0,0,0,0,0,0,0,0,0,0,0,0,0,0,0,0,0,0,0,0,0,0,0,0,0,0,0
2024-08-18,113,113,113,113,113,113,113,113,113,41,41,41,41,113,113,113,113,113,113,113,113,110,67,35,30,30,30,30,35,35,67,35,35,35,30,107,0,0,0,0,0,0,0,0,0,0,0,5,5,5,5,5,5,5,5,4,5,5,5,5,5,5,4,4,4,4,5,5,5,5,5,5,5,5,0,1,1,1,1,1,0,0,0,0,0,2,2,2,2,0,0,0,0,0,0,0,0,0,0,2,2,2,2,2,2,2,2,2,2,2,2,2,2,2,2,2,0,0,0,0,2,2,2,2,2,2,0,0,0,1,1,1,1,1,1,1,0,0,0,0,0,0,0,0,0,0,0,0,0,0,0,0,0,0,0,0,0,0,0,0,0,0,0,0,0,0,0,0,0,0,0,0,0,0,0,0,0,0,0,0,0,0,0,0,0,0,0,0,0,0,0,0,0,0,0,0,0,0,0,0,0,0,0,0,0,0,0,0,0,0,0,0,0,0,0,0,0,0,0,0,0,0,0,0,0,0,0,0,0,0,0,0,0,0,0,0,0,0,0,0,0,0,0,0,0,0,0,0,0,0,0,0,0,0,0,0,0,0,0,0,0,0,0,0,0,0,0,0,0,0,0
2024-08-25,80,80,80,80,80,80,80,80,80,37,37,37,37,80,80,80,80,80,80,80,80,76,51,18,13,13,13,13,18,18,51,18,18,18,13,78,0,0,0,0,0,0,0,0,0,0,0,3,3,3,3,3,3,3,3,3,3,3,3,3,3,3,2,2,2,2,3,3,3,3,3,3,3,3,0,0,0,0,0,0,0,0,0,0,0,1,1,1,1,0,0,0,0,0,0,0,0,0,0,1,2,1,1,1,1,1,1,1,1,1,1,1,1,1,1,1,0,0,0,0,1,1,1,1,1,1,0,0,0,0,0,0,0,0,0,0,0,0,0,0,0,0,0,0,0,0,0,0,0,0,0,0,0,0,0,0,0,0,0,0,0,0,0,0,0,0,0,0,0,0,0,0,0,0,0,0,0,0,0,0,0,0,0,0,0,0,0,0,0,0,0,0,0,0,0,0,0,0,0,0,0,0,0,0,0,0,0,0,0,0,0,0,0,0,0,0,0,0,0,0,0,0,0,0,0,0,0,0,0,0,0,0,0,0,0,0,0,0,0,0,0,0,0,0,0,0,0,0,0,0,0,0,0,0,0,0,0,0,0,0,0,0,0,0,0,0,0,0,0,0,0
2024-09-01,74,74,74,74,74,74,74,74,74,38,38,38,38,74,74,74,74,74,74,74,74,71,38,13,7,7,7,7,13,13,38,13,13,13,7,69,0,0,0,0,0,0,0,0,0,0,0,3,3,3,3,3,3,3,3,3,3,3,3,3,2,0,0,0,0,0,0,0,3,3,3,3,3,3,0,0,0,0,0,0,1,1,0,0,1,1,1,1,1,0,0,0,0,0,0,0,0,0,0,2,2,2,2,2,2,2,2,2,2,2,2,2,2,2,2,2,1,1,1,1,2,2,2,2,2,2,0,0,0,0,0,0,0,0,0,0,0,0,0,0,0,0,0,0,0,0,0,0,0,0,0,0,0,0,0,0,0,0,0,0,0,0,0,0,0,0,0,0,0,0,0,0,0,0,0,0,0,0,0,0,0,0,0,0,0,0,0,0,0,0,0,0,0,0,0,0,0,0,0,0,0,0,0,0,0,0,0,0,0,0,0,0,0,0,0,0,0,0,0,0,0,0,0,0,0,0,0,0,0,0,0,0,0,0,0,0,0,0,0,0,0,0,0,0,0,0,0,0,0,0,0,0,0,0,0,0,0,0,0,0,0,0,0,0,0,0,0,0,0,0,0
2024-09-08,117,117,117,117,117,117,117,117,117,49,49,49,49,117,117,117,117,117,117,117,117,114,63,22,19,19,19,19,22,22,63,22,22,22,19,114,0,0,0,0,0,0,0,0,0,0,0,8,8,8,8,7,7,7,7,7,7,7,7,7,4,2,2,2,2,2,2,2,7,7,7,7,7,7,0,0,0,0,0,0,1,1,0,0,0,0,0,0,0,0,0,0,0,0,0,0,0,0,0,3,3,3,3,3,3,3,3,3,3,3,3,3,3,3,3,3,1,1,1,1,3,3,3,3,3,3,0,0,0,2,1,1,1,1,2,2,0,0,0,1,1,1,1,1,1,1,1,1,1,1,0,0,0,0,0,0,0,0,0,0,0,0,0,0,0,0,0,0,0,0,1,0,0,0,0,0,0,0,0,0,0,0,0,0,0,0,0,0,0,0,0,0,0,0,0,0,0,0,0,0,0,0,0,0,0,0,0,0,0,0,0,0,0,0,0,0,0,0,0,0,0,0,0,0,0,0,0,0,0,0,0,0,0,0,0,0,0,0,0,0,0,0,0,0,0,0,0,0,0,0,0,0,0,0,0,0,0,0,0,0,0,0,0,0,0,0,0,0,0,0,0
2024-09-15,87,87,87,87,87,87,87,87,87,29,29,29,29,87,87,87,87,87,87,87,87,85,50,26,20,20,20,20,26,26,50,26,26,26,20,84,0,0,0,0,0,0,0,0,0,0,0,2,2,2,2,2,2,2,2,2,2,2,2,2,2,0,0,0,0,0,0,0,2,2,2,2,2,2,0,0,0,0,0,0,1,1,0,0,0,0,0,0,0,0,0,0,0,0,0,0,0,0,0,2,2,2,2,2,2,2,2,2,2,2,2,2,2,2,2,2,1,1,1,1,2,2,2,2,2,2,0,0,0,0,0,0,0,0,0,0,0,0,0,0,0,0,0,0,0,0,0,0,0,0,1,1,1,1,0,0,0,0,0,0,0,0,1,1,0,0,0,0,0,0,0,0,0,0,0,0,0,0,0,0,0,0,0,0,0,0,0,0,0,0,0,0,0,0,0,0,0,0,0,0,0,0,0,0,0,0,0,0,0,0,0,0,0,0,0,0,0,0,0,0,0,0,0,0,0,0,0,0,0,0,0,0,0,0,0,0,0,0,0,0,0,0,0,0,0,0,0,0,0,0,0,0,0,0,0,0,0,0,0,0,0,0,0,0,0,0,0,0,0,0,0
2024-09-22,108,108,108,108,108,108,108,108,108,45,45,45,45,108,108,108,108,108,108,108,108,104,69,32,26,26,26,26,32,32,69,32,32,32,26,104,0,0,0,0,0,0,0,0,0,0,0,1,1,2,1,0,0,0,0,0,0,0,0,0,0,0,0,0,0,0,0,0,0,0,0,0,0,0,0,1,1,1,1,1,2,2,0,0,0,0,0,0,0,0,0,0,0,0,0,0,0,0,0,3,3,3,3,3,3,3,2,2,2,2,2,2,2,2,2,2,1,1,1,1,2,2,2,2,2,2,0,0,0,0,0,0,0,0,0,0,0,0,0,0,0,0,0,0,0,0,0,0,0,0,0,0,0,0,0,0,0,0,0,0,0,0,1,1,0,0,0,0,0,0,1,0,0,0,0,0,0,0,0,0,0,0,0,0,0,0,0,0,0,0,0,0,0,0,0,0,0,0,0,0,0,0,0,0,0,0,0,0,0,0,0,0,0,0,0,0,0,0,0,0,0,0,0,0,0,0,0,0,0,0,0,0,0,0,0,0,0,0,0,0,0,0,0,0,0,0,0,0,0,0,0,0,1,0,0,0,0,0,0,0,0,0,0,0,0,0,0,0,0,0,0
2024-09-29,147,147,147,147,146,147,147,147,147,72,72,72,72,147,147,147,147,147,147,147,147,140,79,35,27,27,27,27,35,35,79,35,35,35,27,141,0,0,0,0,0,0,0,0,0,0,0,6,6,6,6,6,6,6,6,6,6,6,6,6,5,3,3,3,3,3,3,3,6,6,6,6,6,6,0,0,0,0,0,0,2,2,1,1,2,1,1,1,1,0,0,0,0,0,0,0,0,0,0,3,3,3,3,3,3,3,3,3,3,3,3,2,3,3,3,3,1,1,1,1,3,3,3,3,3,3,0,2,2,1,1,1,1,1,1,1,0,0,0,0,0,0,0,0,0,0,0,0,0,0,1,1,1,1,0,0,0,0,0,0,0,0,0,0,0,0,0,0,0,0,0,0,0,0,0,0,0,0,0,0,0,0,0,0,0,0,0,0,0,0,0,0,0,0,0,0,0,0,0,0,0,0,0,0,0,0,0,0,0,0,0,0,0,0,0,0,0,0,0,0,0,0,0,0,0,0,0,0,0,0,0,0,0,0,0,0,0,0,0,0,0,0,0,0,0,0,0,0,0,0,0,0,0,0,0,0,0,0,0,0,0,0,0,0,0,0,0,0,0,0,0
2024-10-06,110,110,110,110,110,110,110,110,110,37,37,37,37,110,110,110,110,110,110,110,110,108,70,26,24,24,24,24,26,26,70,26,26,26,24,102,0,0,0,0,0,0,0,0,0,0,0,3,3,3,3,2,3,2,2,2,1,2,2,2,2,1,0,0,0,0,1,1,2,2,2,2,2,2,0,0,0,0,0,0,1,1,0,0,1,0,0,0,0,0,0,0,0,0,0,0,0,0,0,4,5,4,4,4,4,4,4,4,4,4,4,4,4,4,4,2,0,0,0,0,4,4,4,4,4,4,0,0,0,0,0,0,0,0,0,0,0,0,0,1,0,0,0,0,1,1,1,1,1,0,0,0,0,0,0,0,0,0,0,0,0,0,0,0,0,0,0,0,0,0,0,0,0,0,0,0,0,0,0,0,0,0,0,0,0,0,0,0,0,0,0,0,0,0,0,0,0,0,0,0,0,0,0,0,0,0,0,0,0,0,0,0,0,0,0,0,0,0,0,0,0,0,0,0,0,0,0,0,0,0,0,0,0,1,0,0,0,0,0,0,0,0,0,0,0,0,0,0,0,0,0,0,0,0,0,0,0,0,0,0,0,0,0,0,0,0,0,0,0,0,0
2024-10-13,168,168,168,168,168,168,168,168,168,93,93,93,93,168,168,168,168,168,168,168,168,158,112,44,37,37,37,37,44,44,112,44,44,44,37,123,0,0,0,0,0,0,0,0,0,0,0,3,3,3,3,3,3,3,3,3,3,3,3,3,2,2,2,2,2,2,2,2,3,3,3,3,3,3,0,1,1,1,1,1,3,3,0,0,2,0,0,0,0,0,0,0,0,0,0,0,0,0,0,2,3,2,2,2,2,2,2,2,2,2,2,2,2,2,2,2,1,1,1,1,2,2,2,2,2,2,0,0,0,0,0,0,0,0,0,0,0,0,0,0,0,0,0,0,0,0,0,0,0,0,0,0,0,0,0,0,0,0,0,0,0,0,0,0,0,0,0,0,0,0,0,0,0,0,0,0,0,0,0,0,0,0,0,0,0,0,0,0,0,0,0,0,0,0,0,0,0,0,0,0,0,0,0,0,0,0,0,0,0,0,0,0,0,0,0,0,0,0,0,0,0,0,0,0,0,0,0,0,0,0,0,0,0,0,0,0,0,0,0,0,0,0,0,0,0,0,0,0,0,0,0,0,0,0,0,0,0,0,0,0,0,0,0,0,0,0,0,0,0,0,0
2024-10-20,164,164,164,164,163,164,164,164,164,64,64,64,64,164,164,164,164,164,164,164,164,158,105,49,41,41,41,41,49,49,105,49,49,49,41,146,1,1,1,1,1,1,1,1,1,1,1,15,15,15,15,15,15,15,15,15,13,15,15,15,13,9,9,9,9,9,9,9,15,15,15,15,15,15,0,0,0,0,0,0,1,1,2,2,1,2,2,2,2,0,0,0,0,0,0,0,0,0,0,1,1,1,1,1,1,1,1,1,1,1,1,1,1,1,1,1,0,0,0,0,1,1,1,1,1,1,0,0,0,1,1,1,1,1,1,1,0,0,0,1,1,1,1,1,1,1,1,1,1,1,0,0,0,0,0,0,0,0,0,0,0,0,0,0,0,0,0,0,0,0,0,0,0,0,0,0,0,0,0,0,0,0,0,0,0,0,0,0,0,0,0,0,0,0,0,0,0,0,0,0,0,0,0,0,0,0,0,0,0,0,0,0,0,0,0,0,0,0,0,0,0,0,0,0,0,0,0,0,0,0,0,0,0,0,0,0,0,0,0,0,0,0,0,0,0,0,0,0,0,0,0,0,0,0,0,0,0,0,0,0,0,0,0,0,0,0,0,0,0,0,0
2024-10-27,135,135,135,135,135,135,135,135,135,50,50,50,50,135,135,135,135,135,135,135,135,132,66,29,21,21,21,21,29,29,66,29,29,29,21,103,0,0,0,0,0,0,0,0,0,0,0,7,7,7,7,6,6,6,6,6,6,6,6,6,6,4,4,4,4,4,4,4,6,6,6,6,6,6,0,0,0,0,0,0,3,3,0,0,3,0,0,0,0,0,0,0,0,0,0,0,0,0,0,5,6,5,5,5,5,5,5,5,5,5,5,3,5,5,5,3,0,0,0,0,5,5,5,5,5,5,0,0,0,2,2,2,2,2,2,2,0,0,0,2,2,2,2,2,2,2,2,2,2,2,1,1,1,1,0,0,0,0,0,0,0,0,0,0,0,0,0,0,0,0,1,0,0,0,0,0,0,0,0,0,0,0,0,0,0,0,0,0,0,0,0,0,0,0,0,0,0,0,0,0,0,0,0,0,0,0,0,0,0,0,0,0,0,0,0,0,0,0,0,0,0,0,0,0,0,0,0,0,0,0,0,0,0,0,0,0,0,0,0,0,0,0,0,0,0,0,0,0,0,0,0,0,0,0,0,0,0,0,0,0,0,0,0,0,0,0,0,0,0,0,0
2024-11-03,125,125,125,125,125,125,125,125,125,42,42,42,42,125,125,125,125,125,125,125,125,124,78,40,36,36,36,36,40,40,78,40,40,40,36,103,0,0,0,0,0,0,0,0,0,0,0,9,9,9,9,9,9,9,9,8,8,9,9,9,9,5,5,5,5,5,5,5,9,9,9,9,9,9,0,0,0,0,0,0,1,1,1,1,3,0,0,0,0,1,1,1,1,1,1,0,0,0,0,3,3,3,3,3,3,3,3,3,3,3,3,3,3,3,3,3,0,0,0,0,3,3,3,3,3,3,0,0,0,1,0,0,0,0,1,1,0,0,0,0,0,0,0,0,0,0,0,0,0,0,0,0,0,0,0,0,0,0,0,0,0,0,0,0,1,1,1,1,1,1,0,0,0,0,0,0,0,0,0,0,0,0,0,0,0,0,0,0,0,0,0,0,0,0,0,0,0,0,0,0,0,0,0,0,0,0,0,0,0,0,0,0,0,0,0,0,0,0,0,0,0,0,0,0,0,0,0,0,0,0,0,0,0,0,0,0,0,0,0,0,0,0,0,0,0,0,0,0,0,0,0,0,0,0,0,0,0,0,0,0,0,0,0,0,0,0,0,0,0,0,0
2024-11-10,205,205,205,205,204,205,205,205,205,66,66,66,66,205,205,205,205,205,205,205,205,198,135,71,59,59,59,59,71,71,135,71,71,71,59,155,0,0,0,0,0,0,0,0,0,0,0,9,9,9,9,9,9,9,9,9,9,9,9,9,8,3,3,3,3,3,3,3,9,9,9,9,9,9,0,1,1,1,1,1,2,2,1,1,9,1,1,1,1,1,1,1,1,1,1,0,0,0,0,2,2,2,2,2,2,2,2,2,2,2,2,1,2,2,2,2,0,0,0,0,2,2,2,2,2,2,1,1,1,2,2,2,2,2,2,2,0,0,0,1,1,1,1,1,1,1,1,1,1,1,0,0,0,0,1,0,0,0,0,0,0,0,0,0,0,0,0,0,0,0,0,0,0,0,0,0,0,0,0,0,0,0,0,0,0,0,0,0,0,0,0,0,0,0,0,0,0,0,0,0,0,0,0,0,0,0,0,0,0,0,0,0,0,0,0,0,0,0,0,0,0,0,0,0,0,0,0,0,0,0,0,0,0,0,0,0,0,0,0,0,0,0,0,0,0,0,0,0,0,0,0,0,0,0,0,0,0,0,0,0,0,0,0,0,0,0,0,0,0,0,0
2024-11-17,785,785,785,785,784,785,785,785,785,360,360,360,360,785,785,785,785,785,785,785,785,773,431,226,190,190,190,190,226,226,431,226,226,226,190,366,0,0,0,0,0,0,0,0,0,0,0,50,50,50,50,47,46,46,46,46,34,46,46,46,34,13,12,12,12,12,13,13,46,46,46,46,46,47,0,5,5,5,5,5,1,1,8,8,4,7,7,7,7,0,0,0,0,0,0,2,2,2,2,11,11,11,11,11,12,11,11,11,11,11,11,9,11,11,11,9,0,0,0,0,11,11,11,11,11,11,0,0,0,5,5,5,5,5,5,5,0,0,0,5,5,5,5,5,5,5,5,5,5,5,1,1,1,1,0,1,1,1,1,1,1,1,2,2,0,0,0,0,0,0,3,0,0,0,0,0,0,0,0,0,0,0,0,0,0,0,0,0,0,0,0,0,0,0,0,0,0,0,0,0,0,0,0,0,0,0,0,0,0,0,0,0,0,0,0,0,0,0,0,0,0,0,0,0,0,0,0,0,0,0,0,0,0,0,0,0,0,0,0,0,0,0,0,0,0,0,0,0,0,0,0,0,0,1,0,1,1,0,1,1,1,1,0,1,1,1,0,0,0,0,0
2024-11-24,798,798,798,798,797,798,798,798,798,383,383,383,383,798,798,798,798,798,798,798,798,785,415,195,159,159,159,159,195,195,415,195,195,195,159,332,4,4,4,4,4,4,4,4,4,4,4,48,48,49,48,44,44,44,44,44,32,44,44,44,36,18,18,18,18,18,18,18,44,44,44,44,44,44,0,3,3,3,3,3,9,9,8,8,14,4,4,4,4,2,2,2,2,2,2,0,0,0,0,16,16,16,16,16,16,16,15,16,15,15,15,12,15,15,15,14,2,2,2,2,15,15,15,15,15,15,2,1,3,4,3,3,3,3,4,4,0,0,0,4,3,3,3,3,4,4,4,4,4,3,2,2,2,2,0,0,0,0,0,0,0,0,2,2,0,0,0,0,0,0,4,0,0,0,0,0,0,0,0,0,0,1,0,0,0,0,0,0,0,0,0,0,0,0,0,0,0,0,0,0,0,0,0,0,0,0,0,0,0,0,0,0,0,0,0,1,1,1,1,1,1,1,1,1,1,1,0,0,0,0,0,0,0,0,0,0,0,0,0,0,0,0,0,0,0,0,0,0,0,0,0,0,0,0,0,0,0,0,0,0,0,0,0,0,0,0,0,0,0,0,0
2024-12-01,777,777,777,777,775,777,777,777,777,404,404,404,404,777,777,777,777,777,777,777,777,762,414,181,143,143,143,143,181,181,414,181,181,181,143,305,5,5,5,5,5,5,5,5,5,5,5,57,57,57,57,56,56,56,56,56,30,56,56,56,46,23,21,21,21,21,23,23,56,56,56,56,56,56,0,2,2,2,2,2,5,5,2,2,4,6,6,6,6,0,0,0,0,0,0,3,3,3,3,15,15,15,15,15,15,15,15,15,15,15,15,7,15,15,15,12,1,1,1,1,15,15,15,15,15,15,3,0,1,4,3,3,3,3,4,4,0,1,1,4,3,3,3,3,4,4,4,4,4,3,2,2,2,2,0,1,1,1,1,1,1,1,2,2,1,1,1,1,1,1,1,0,0,0,0,0,0,0,0,0,0,0,0,0,0,0,0,0,0,0,0,0,0,0,0,0,0,0,0,0,0,0,0,0,0,0,0,0,0,0,0,0,0,0,0,0,0,0,0,0,0,0,0,0,0,0,0,0,0,0,0,0,0,0,0,0,0,0,0,0,0,0,0,0,0,0,0,0,0,0,0,0,0,0,0,0,0,0,0,0,0,0,0,0,0,0,0,0,0,0,0
2024-12-08,1017,1017,1017,1017,1017,1017,1017,1017,1017,541,541,541,541,1017,1017,1017,1017,1017,1017,1017,1017,977,500,251,190,190,190,190,251,251,500,251,251,251,190,355,11,11,11,11,11,11,11,11,11,11,11,58,58,58,58,58,58,58,58,56,30,58,58,58,50,30,29,29,29,29,30,30,58,58,58,58,58,58,0,8,8,8,8,8,19,19,4,4,15,6,6,6,6,0,0,0,0,0,0,1,1,1,1,11,11,11,11,11,11,11,11,11,11,11,11,9,11,11,11,11,1,1,1,1,11,11,11,11,11,11,6,0,2,5,4,4,4,4,5,5,0,1,1,5,4,4,4,4,5,5,5,5,5,4,0,0,0,0,0,1,1,1,1,1,1,1,0,0,0,0,0,0,0,0,0,0,0,0,0,0,0,0,0,0,0,0,0,0,0,0,0,0,0,0,0,0,0,0,0,0,0,0,0,0,0,0,0,0,0,0,0,0,0,0,0,0,0,0,0,0,0,0,0,0,0,0,0,0,0,0,0,0,0,0,0,0,0,0,0,0,0,0,0,0,0,0,0,0,0,0,0,0,0,0,0,0,0,0,0,0,0,0,0,0,0,0,0,0,0,0,0,1,0,0,0
2024-12-15,771,771,771,771,771,771,771,771,771,354,354,354,354,771,771,771,771,771,771,771,771,745,413,217,183,183,183,183,217,217,413,217,217,217,183,299,6,6,6,6,6,6,6,6,6,6,6,41,41,42,41,39,41,39,39,39,27,39,39,39,32,16,15,15,15,15,16,16,39,39,39,39,39,39,0,5,5,5,5,5,7,7,2,2,11,1,1,1,1,2,2,2,2,2,2,2,2,2,2,12,12,12,12,12,12,12,11,12,11,11,11,7,11,11,11,11,0,0,0,0,11,11,11,11,11,11,1,0,0,5,4,4,4,4,5,5,0,0,0,6,5,5,5,5,6,6,6,6,6,5,2,2,2,2,0,1,1,1,1,1,1,1,1,1,0,0,0,0,0,0,0,0,0,0,0,0,0,0,0,0,0,1,0,0,0,0,0,0,0,0,0,0,0,0,0,0,0,0,0,0,0,0,0,0,0,0,0,0,0,0,0,0,0,0,0,0,0,0,0,0,0,0,0,0,0,0,0,0,0,0,0,0,0,2,0,0,0,0,0,0,0,0,0,0,0,0,0,0,0,0,0,0,0,0,0,0,0,0,0,0,0,0,0,0,0,0,1,0,0,0,0
2024-12-22,1136,1136,1136,1136,1134,1136,1136,1136,1136,524,524,524,524,1136,1136,1136,1136,1136,1136,1136,1136,1102,699,327,271,271,271,271,327,327,699,327,327,327,271,443,2,2,2,2,2,2,2,2,2,2,2,172,172,173,172,172,172,172,172,172,45,172,172,172,157,121,120,120,120,120,121,121,172,172,172,172,172,172,0,9,9,9,9,9,15,15,12,12,22,10,10,10,10,2,2,2,2,2,2,1,1,1,1,18,18,18,18,18,18,18,17,17,17,17,17,11,17,17,17,14,0,0,0,0,17,17,17,17,17,17,4,0,1,4,4,4,4,4,4,4,0,1,1,5,3,3,3,3,5,5,5,5,5,3,1,1,1,1,0,1,0,0,0,0,1,1,3,3,0,0,0,0,0,0,0,0,0,0,0,0,0,0,0,0,0,0,0,0,0,0,0,0,0,0,0,0,0,0,0,0,0,0,0,0,0,0,0,0,0,0,0,0,0,0,0,0,0,0,0,0,0,0,0,0,0,0,0,0,0,0,0,0,0,0,0,0,0,0,0,0,0,0,0,0,0,0,0,0,0,0,0,0,0,0,0,0,1,0,0,0,0,0,0,0,0,0,0,0,0,0,0,0,0,0,0
2024-12-29,872,872,872,872,872,872,872,872,872,434,434,434,434,872,872,872,872,872,872,872,872,863,401,193,162,162,162,162,193,193,401,193,193,193,162,394,6,6,6,6,6,6,6,6,6,6,6,83,83,84,83,81,82,81,81,81,30,81,81,81,60,50,49,49,49,49,50,50,81,81,81,81,81,81,1,5,5,5,5,5,22,22,2,2,24,8,8,8,8,1,1,1,1,1,1,0,0,0,0,13,15,13,13,13,13,13,12,12,12,12,12,6,12,12,12,10,1,1,1,1,12,12,12,12,12,12,10,0,0,4,4,4,4,4,4,4,0,0,0,7,5,5,5,5,7,7,7,7,7,5,2,2,2,2,0,0,0,0,0,0,0,0,0,0,0,0,0,0,0,0,1,0,0,0,0,0,0,0,0,0,0,0,0,0,0,0,0,0,0,0,0,0,0,0,0,0,0,0,0,0,0,0,0,0,0,0,0,0,0,0,0,0,0,0,0,0,0,0,0,0,0,0,0,0,0,0,0,0,0,0,0,0,0,1,0,0,0,0,0,0,0,0,0,0,0,0,0,0,0,0,0,0,1,0,0,0,0,0,0,0,0,0,0,0,0,0,0,0,0,0,0
2025-01-05,1063,1063,1063,1063,1060,1063,1063,1063,1063,478,478,478,478,1063,1063,1063,1063,1063,1063,1063,1063,1047,539,303,275,275,275,275,303,303,539,303,303,303,275,422,4,4,4,4,4,4,4,4,4,4,4,72,72,73,72,70,70,70,70,70,46,70,70,70,51,17,16,16,16,16,17,17,70,70,70,70,70,70,0,4,4,4,4,4,18,18,6,6,19,13,13,13,13,3,3,3,3,3,3,0,0,0,0,13,13,13,13,13,13,13,12,12,12,12,12,7,12,12,12,10,1,1,1,1,12,12,12,12,12,12,6,0,1,6,6,6,6,6,6,6,0,0,0,6,6,6,6,6,6,6,6,6,6,6,0,0,0,0,0,0,0,0,0,0,0,0,1,1,0,0,0,0,0,0,2,0,0,0,0,0,0,0,0,0,0,0,1,1,1,1,1,1,1,0,0,0,0,0,0,0,0,0,0,0,0,0,0,0,0,0,0,0,0,0,0,0,0,0,0,0,0,0,0,0,0,0,0,0,0,0,0,0,0,0,0,0,0,0,0,0,0,0,0,0,0,0,0,0,0,0,0,0,0,0,0,0,1,0,0,0,0,0,0,0,0,0,0,0,0,0,0,0,0,0,0
2025-01-12,1039,1039,1039,1039,1039,1039,1039,1039,1039,426,426,426,426,1039,1039,1039,1039,1039,1039,1039,1039,1030,587,297,234,234,234,234,297,297,587,297,297,297,234,415,2,2,2,2,2,2,2,2,2,2,2,68,68,68,68,67,66,66,66,66,29,66,66,66,50,25,24,24,24,24,25,25,66,66,66,66,66,67,0,4,4,4,4,4,12,12,8,8,18,7,7,7,7,1,1,1,1,1,1,4,4,4,4,12,13,12,12,12,13,12,12,12,12,12,12,11,12,12,12,9,3,3,3,3,12,12,12,12,12,12,2,6,6,3,3,3,3,3,3,3,0,0,0,3,3,3,3,3,3,3,3,3,3,3,0,0,0,0,0,2,1,1,1,1,2,2,1,1,0,0,0,0,0,0,1,0,0,0,0,0,0,0,0,0,0,0,1,1,1,1,1,1,1,0,0,0,0,0,0,0,0,0,0,0,0,0,0,0,0,0,0,0,0,0,0,0,0,0,0,0,0,0,0,0,0,0,0,0,0,0,0,0,0,0,0,0,0,0,0,0,0,0,0,0,0,0,0,0,0,0,0,0,0,0,0,0,0,1,1,1,1,1,1,1,1,1,1,1,1,1,0,0,0,0,0
2025-01-19,976,976,976,976,972,976,976,976,976,398,398,398,398,976,976,976,976,976,976,976,976,961,529,272,212,212,212,212,272,272,529,272,272,272,212,372,5,5,5,5,5,5,5,5,5,5,5,51,51,52,51,51,50,50,50,50,26,50,50,50,39,17,16,16,16,16,17,17,50,50,50,50,50,51,0,6,6,6,6,6,16,16,2,2,18,7,7,7,7,0,0,0,0,0,0,0,0,0,0,12,12,12,12,12,13,12,11,11,11,11,11,5,11,11,11,9,0,0,0,0,11,11,11,11,11,11,6,0,0,3,3,3,3,3,3,3,0,0,0,2,2,2,2,2,2,2,2,2,2,2,2,2,2,2,0,0,0,0,0,0,0,0,2,2,1,1,1,1,1,1,0,0,0,0,0,0,0,0,0,0,0,0,0,0,0,0,0,0,0,0,0,0,0,0,0,0,0,0,0,0,0,0,0,0,0,0,0,0,0,0,0,0,0,0,0,0,0,0,0,0,0,0,0,0,0,0,0,0,0,0,0,0,0,0,0,0,0,0,0,0,0,0,0,0,0,0,0,0,0,0,0,0,1,1,1,1,1,1,1,1,1,1,1,1,1,1,0,0,0,0,0
2025-01-26,1263,1263,1263,1263,1263,1263,1263,1263,1263,555,555,555,555,1263,1263,1263,1263,1263,1263,1263,1263,1242,648,323,271,271,271,271,323,323,648,323,323,323,271,468,13,13,13,13,13,13,13,13,13,13,13,107,107,108,107,103,103,103,103,102,62,103,103,103,90,60,58,58,58,58,60,60,103,103,103,103,103,103,1,8,8,8,8,8,14,14,7,7,14,6,6,6,6,1,1,1,1,1,1,0,0,0,0,15,15,15,15,15,15,15,14,14,14,14,14,11,14,14,14,12,1,1,1,1,14,14,14,14,14,14,7,0,1,5,4,4,4,4,5,5,0,2,2,3,2,2,2,2,3,3,3,3,3,2,1,1,1,1,0,0,0,0,0,0,0,0,0,0,0,0,0,0,0,0,4,0,0,0,0,0,0,0,1,1,1,0,0,0,0,0,0,0,0,0,0,0,0,0,0,0,0,0,0,0,0,0,0,0,0,0,0,0,0,0,0,0,0,0,0,0,0,0,0,0,0,0,0,0,0,0,0,0,0,0,0,0,0,0,0,0,0,0,0,0,0,0,0,0,0,0,0,0,0,0,0,0,1,0,0,0,0,0,0,0,0,0,0,0,0,0,0,0,0,0,0
2025-02-02,1266,1266,1266,1266,1265,1266,1266,1266,1266,495,495,495,495,1266,1266,1266,1266,1266,1266,1266,1266,1252,672,333,274,274,274,274,333,333,672,333,333,333,274,500,9,9,9,9,9,9,9,9,9,9,9,75,75,75,75,72,73,72,72,72,34,72,72,72,58,31,31,31,31,31,31,31,72,72,72,72,72,72,1,4,4,4,4,4,16,16,3,3,19,8,8,8,8,2,2,2,2,2,2,1,1,1,1,15,15,15,15,15,15,15,15,15,15,15,15,9,15,15,15,14,2,2,2,2,15,15,15,15,15,15,2,2,3,6,6,6,6,6,6,6,0,2,2,5,3,3,3,3,5,5,5,5,5,3,0,0,0,0,0,0,0,0,0,0,0,0,1,1,0,0,0,0,0,0,2,0,0,0,0,0,0,0,1,1,1,0,0,0,0,0,0,0,0,0,0,0,0,0,0,0,0,0,0,0,0,0,0,0,0,0,0,0,0,0,0,0,0,0,0,0,0,0,0,0,0,0,0,0,0,0,5,5,5,5,5,5,5,1,1,1,1,1,1,1,1,0,0,0,0,0,0,0,0,0,0,0,0,0,0,0,0,0,0,0,0,0,0,0,0,0,0,0,0,0,0
2025-02-09,1551,1551,1551,1551,1548,1551,1551,1551,1551,603,603,603,603,1551,1551,1551,1551,1551,1551,1551,1551,1518,845,450,388,388,388,388,450,450,845,450,450,450,388,589,5,5,5,5,5,5,5,5,5,5,5,84,84,84,84,84,84,84,84,84,45,84,84,84,73,36,35,35,35,35,36,36,84,84,84,84,84,84,2,12,12,12,12,12,17,17,6,6,21,7,7,7,7,0,0,0,0,0,0,2,2,2,2,25,25,25,25,25,25,25,25,25,25,25,24,18,25,25,25,21,0,0,0,0,25,25,25,25,25,25,4,1,1,10,8,8,8,8,10,10,0,1,1,10,7,7,7,7,10,10,10,10,10,7,3,3,3,3,0,0,0,0,0,0,0,0,1,1,0,0,0,0,0,0,0,0,0,0,0,0,0,0,1,1,1,0,0,0,0,0,0,0,0,0,0,0,0,0,0,0,0,0,0,0,0,0,0,0,0,0,0,0,0,0,0,0,0,0,0,0,0,0,0,0,0,0,0,0,0,0,4,4,4,4,4,4,4,0,0,0,0,0,0,0,0,0,0,0,0,0,0,0,0,0,0,0,0,0,0,0,0,0,0,0,0,0,0,0,0,0,0,0,0,0,0
2025-02-16,2092,2092,2092,2092,2092,2092,2092,2092,2092,864,864,864,864,2092,2092,2092,2092,2092,2092,2092,2092,2079,1126,658,582,582,582,582,658,658,1126,658,658,658,582,791,2,2,2,2,2,2,2,2,2,2,2,150,150,150,150,149,149,149,149,149,82,149,149,149,116,49,46,46,46,46,49,49,149,149,149,149,149,149,1,11,11,11,11,11,19,19,16,16,48,14,14,14,14,3,3,3,3,3,3,1,1,1,1,39,39,39,39,39,39,39,39,39,39,39,39,19,39,39,39,33,4,4,4,4,39,39,39,39,39,39,3,1,3,13,13,13,13,13,13,13,0,0,0,19,11,11,11,11,19,19,19,19,19,11,2,2,2,2,2,1,1,1,1,1,1,1,2,2,0,0,0,0,0,0,1,0,0,0,0,0,0,0,0,0,0,0,0,0,0,0,0,0,0,0,0,0,0,0,0,0,0,0,0,0,0,0,0,0,0,0,0,0,0,0,0,0,0,1,1,1,1,1,1,1,1,1,1,1,1,1,0,0,0,0,0,0,0,0,0,0,0,0,0,0,0,0,0,0,0,0,0,0,0,0,0,0,0,0,0,0,0,0,0,0,0,0,0,0,0,0,0,0,0,0,0
2025-02-23,1618,1618,1618,1618,1616,1618,1618,1618,1618,598,598,598,598,1618,1618,1618,1618,1618,1618,1618,1618,1609,917,504,442,442,442,442,504,504,917,504,504,504,442,575,9,9,9,9,9,9,9,9,9,9,9,132,132,132,132,129,129,129,129,128,65,129,129,129,97,54,54,54,54,54,54,54,129,129,129,129,129,129,1,15,15,15,15,15,18,18,6,6,34,8,8,8,8,5,5,5,5,5,5,3,3,3,3,27,27,27,27,27,27,27,27,27,27,27,27,13,27,27,27,18,0,0,0,0,27,27,27,27,27,27,3,0,0,8,8,8,8,8,8,8,0,1,1,10,8,8,8,8,10,10,10,10,10,8,4,4,4,4,4,0,0,0,0,0,0,0,2,2,0,0,0,0,0,0,3,0,0,0,0,0,0,0,0,0,0,0,0,0,0,0,0,0,0,0,0,0,0,0,0,0,0,0,0,0,0,0,0,0,0,0,0,0,0,0,0,0,0,0,0,0,0,0,0,0,0,0,0,0,0,0,0,0,0,0,0,0,0,0,0,0,0,0,0,0,0,0,0,0,0,0,0,0,0,0,0,0,0,0,0,0,0,0,0,0,0,0,0,0,0,0,0,0,0,0,0
2025-03-02,1594,1594,1594,1594,1592,1594,1594,1594,1594,689,689,689,689,1594,1594,1594,1594,1594,1594,1594,1594,1579,830,425,381,381,381,381,425,425,830,425,425,425,381,611,3,3,3,3,3,3,3,3,3,3,3,167,167,168,167,164,164,164,164,164,106,164,164,164,133,74,72,72,72,72,74,74,164,164,164,164,164,164,1,12,12,12,12,12,15,15,20,20,22,12,12,12,12,4,4,4,4,4,4,1,1,1,1,28,30,28,28,28,28,28,27,28,27,27,27,15,27,27,27,23,5,5,5,5,27,27,27,27,27,27,4,4,5,7,7,7,7,7,7,7,0,0,0,13,10,10,10,10,13,13,13,13,13,10,2,2,2,2,1,0,0,0,0,0,0,0,2,2,0,0,0,0,0,0,3,0,0,0,0,0,0,0,1,1,1,1,1,1,1,1,1,1,1,0,0,0,0,0,0,0,0,0,0,0,0,0,0,0,0,0,0,0,0,0,0,0,0,0,0,0,0,0,0,0,0,0,0,0,0,0,0,0,0,0,0,0,0,0,0,0,0,0,0,0,0,0,0,0,0,0,0,0,0,0,0,0,0,0,0,0,0,0,0,0,0,0,0,0,0,0,0,0,0,0,0
2025-03-09,894,894,894,894,891,894,894,894,894,381,381,381,381,894,894,894,894,894,894,894,894,880,438,211,177,177,177,177,211,211,438,211,211,211,177,376,5,5,5,5,5,5,5,5,5,5,5,74,74,74,74,74,74,74,74,74,42,74,74,74,59,28,27,27,27,27,28,28,74,74,74,74,74,74,1,7,7,7,7,7,8,8,3,3,19,9,9,9,9,10,10,10,10,10,10,2,2,2,2,13,13,13,13,13,13,13,13,13,13,13,13,4,13,13,13,10,1,1,1,1,13,13,13,13,13,13,3,3,5,4,4,4,4,4,4,4,0,0,0,3,2,2,2,2,3,3,3,3,3,2,2,2,2,2,1,1,1,1,1,1,1,1,1,1,1,1,1,1,1,1,0,0,0,0,0,0,0,0,0,0,0,0,0,0,0,0,0,0,0,0,0,0,0,0,0,0,0,0,0,0,0,0,0,0,0,0,0,0,0,0,0,0,0,0,0,0,0,0,0,0,0,0,0,0,0,0,0,0,0,0,0,0,0,0,0,0,0,0,0,0,0,0,0,0,0,0,0,0,0,0,0,0,0,0,0,0,0,0,0,0,0,0,0,0,0,0,0,0,0,0,0
2025-03-16,804,804,804,804,803,804,804,804,804,328,328,328,328,804,804,804,804,804,804,804,804,784,464,216,186,186,186,186,216,216,464,216,216,216,186,324,6,6,6,6,6,6,6,6,6,6,6,62,62,62,62,62,62,62,62,62,39,62,62,62,49,19,18,18,18,18,19,19,62,62,62,62,62,62,3,9,9,9,9,9,15,15,9,9,18,7,7,7,7,4,4,4,4,4,4,4,4,4,4,26,26,26,26,26,26,26,26,26,26,26,26,16,26,26,26,25,3,3,3,3,26,26,26,26,26,26,18,18,19,17,17,17,17,17,17,17,0,0,0,3,2,2,2,2,3,3,3,3,3,2,2,2,2,2,0,0,0,0,0,0,0,0,0,0,0,0,0,0,0,0,0,0,0,0,0,0,0,0,0,0,0,0,0,0,0,0,0,0,0,0,0,0,0,0,0,0,0,0,0,0,0,0,0,0,0,0,0,0,0,0,0,0,0,0,0,0,0,0,0,0,0,0,0,0,0,0,0,0,0,0,0,0,0,0,0,0,0,0,0,0,0,0,0,0,0,0,0,0,0,0,0,0,0,0,0,0,0,0,0,0,0,0,0,0,0,0,0,0,0,0,0
